date,series ,open,high,low,PREV. CLOSE ,ltp ,close,vwap ,52W H ,52W L ,VOLUME,VALUE ,No of trades 
23-Apr-20,EQ,273.5,279.7,268.5,271.9,278,277.6,275.11,430.6,203,3594118,"98,87,91,951.65",41781
24-Apr-20,EQ,273.95,276.95,269.55,277.6,270.55,270.65,272.1,430.6,203,2515755,"68,45,49,391.75",18327
27-Apr-20,EQ,273.3,277.1,269.5,270.65,271,271.15,272.69,430.6,203,1845577,"50,32,71,228.70",27930
28-Apr-20,EQ,271.15,274.7,270,271.15,273.95,272.95,272.55,430.6,203,1808291,"49,28,44,369.15",23592
29-Apr-20,EQ,274,293.2,272.7,272.95,290.9,287.65,283.1,430.6,203,4058322,"1,14,89,16,899.25",52514
30-Apr-20,EQ,295.05,296,285.1,287.65,290.65,290.1,290.1,430.6,203,4675412,"1,35,63,23,333.10",65200
04-May-20,EQ,275,280,262,290.1,266.9,266.35,265.94,430.6,203,6359013,"1,69,10,95,553.65",58530
05-May-20,EQ,271.7,271.7,261.1,266.35,262.55,263.1,265.42,430.6,203,4866839,"1,29,17,48,340.45",51052
06-May-20,EQ,261.1,273.5,261.1,263.1,271.5,270.15,268.77,430.6,203,10547916,"2,83,49,33,877.60",101064
07-May-20,EQ,271.2,284.5,268.45,270.15,282,282.4,281.09,430.6,203,6505707,"1,82,87,01,526.10",85225
08-May-20,EQ,285.1,286.85,280.55,282.4,284.05,285.05,284.12,430.6,203,2594067,"73,70,23,673.10",45866
11-May-20,EQ,285.2,293.25,285.2,285.05,290.95,289.7,289.6,430.6,203,3204070,"92,78,90,029.80",35653
12-May-20,EQ,289,292.8,285.25,289.7,292,291.5,289.56,430.6,203,4602741,"1,33,27,57,574.75",40291
13-May-20,EQ,297,311.9,262.35,291.5,308.95,309.35,299.91,430.6,203,9560014,"2,86,71,34,468.60",85431
14-May-20,EQ,301.1,311.45,301.1,309.35,306.7,308.4,307.6,430.6,203,5684067,"1,74,83,94,007.40",52222
15-May-20,EQ,309,312,305.35,308.4,309,309.25,308.63,430.6,203,3712050,"1,14,56,39,790.70",39563
18-May-20,EQ,306,307.35,291.35,309.25,294.05,293.3,296.39,430.6,203,3625909,"1,07,46,93,354.25",60376
19-May-20,EQ,299.8,320.9,297.35,293.3,319.7,319.2,311.11,430.6,203,10540356,"3,27,91,58,785.45",123877
20-May-20,EQ,318,324.8,311.55,319.2,323.1,323.75,319.24,430.6,203,6985480,"2,23,00,56,743.40",73140
21-May-20,EQ,319.4,322.15,315.4,323.75,317.15,317.15,318.18,430.6,203,4602568,"1,46,44,48,256.30",57071
22-May-20,EQ,315,315,306.55,317.15,311.9,310.6,310.11,430.6,203,3428549,"1,06,32,32,386.40",42340
26-May-20,EQ,312.4,320.55,309.6,310.6,315,315.6,315.77,429.85,203,4031218,"1,27,29,29,281.50",41459
27-May-20,EQ,313,328.5,313,315.6,326.9,326.65,322.09,429.85,203,6352246,"2,04,60,04,191.70",60255
28-May-20,EQ,329.5,334.15,327.45,326.65,331.5,331.8,330.51,429.85,203,5655407,"1,86,91,41,888.50",54908
29-May-20,EQ,330,330,322.05,331.8,327,323.8,324.02,429.85,203,12299544,"3,98,53,58,036.35",73080
01-Jun-20,EQ,326,336.35,326,323.8,329.55,329.35,332.52,429.85,203,2865760,"95,29,35,085.90",65567
02-Jun-20,EQ,330.2,341.65,325.8,329.35,340,339.95,336.42,429.85,203,4668325,"1,57,05,28,387.40",91274
03-Jun-20,EQ,344,344.95,336.85,339.95,341.85,339.55,340.18,429.85,203,5177337,"1,76,12,18,416.90",68953
04-Jun-20,EQ,341,342.9,337.6,339.55,340.1,339.2,339.88,429.85,203,4625619,"1,57,21,54,069.60",71641
05-Jun-20,EQ,340.1,347.15,337.2,339.2,342,341.15,343.16,429.85,203,2348630,"80,59,65,385.80",42841
08-Jun-20,EQ,343.1,347.65,340.95,341.15,342.25,343.3,343.89,429.5,203,2771175,"95,29,73,105.70",42835
09-Jun-20,EQ,344.5,351.35,341.3,343.3,346.05,346.05,346.59,429.5,203,3388265,"1,17,43,32,530.50",37841
10-Jun-20,EQ,346.05,349.75,340.4,346.05,348.45,346.55,344.84,429.5,203,2324983,"80,17,48,344.95",34849
11-Jun-20,EQ,348,348,336.8,346.55,339.9,338.65,341.36,429.5,203,4260956,"1,45,45,25,142.00",42835
12-Jun-20,EQ,330.65,347.8,327.7,338.65,346.85,345.3,336.73,429.5,203,3022904,"1,01,79,12,006.90",36684
15-Jun-20,EQ,346.5,346.85,336.85,345.3,340,339.75,341.23,428.85,203,2474153,"84,42,67,372.45",29718
16-Jun-20,EQ,347,347,335.9,339.75,340.7,340.8,341.24,428.85,203,2686021,"91,65,73,886.10",38327
17-Jun-20,EQ,341,346.45,337.55,340.8,341.95,341.3,342.98,428.85,203,2458021,"84,30,60,259.95",30813
18-Jun-20,EQ,340.35,345.5,335.15,341.3,344.4,343.8,340.18,428.85,203,2502231,"85,12,13,205.40",39030
19-Jun-20,EQ,344.4,354.9,341.5,343.8,350,348.9,350.32,428.85,203,6917610,"2,42,33,99,177.85",66707
22-Jun-20,EQ,350,353.9,346.7,348.9,349.5,349.6,350.5,428.85,203,2515842,"88,18,06,631.85",44862
23-Jun-20,EQ,350,357.2,346.75,349.6,355.3,355.65,352.28,428.85,203,2715738,"95,67,04,260.70",44860
24-Jun-20,EQ,355.35,360,349.6,355.65,352.2,351.85,355.39,428.85,203,2841354,"1,00,97,86,745.90",43565
25-Jun-20,EQ,349.8,351.5,342.2,351.85,345.5,344,346.14,428.85,203,5056963,"1,75,04,01,651.00",53008
26-Jun-20,EQ,348,349,339.6,344,343.8,343.2,343.63,428.85,203,3979519,"1,36,74,89,149.35",34835
29-Jun-20,EQ,341.35,344.05,339.1,343.2,343,342.65,341.58,428.85,203,3263757,"1,11,48,17,814.35",32309
30-Jun-20,EQ,344,349.8,342.4,342.65,346.1,343.9,346.62,428.85,203,2828820,"98,05,12,294.70",37742
01-Jul-20,EQ,345.9,347.05,341.3,343.9,344.45,343.8,344.36,428.85,203,1202080,"41,39,47,163.80",16762
02-Jul-20,EQ,346,349.6,344.9,343.8,347.05,346.8,347.1,428.85,203,1204040,"41,79,28,124.10",17692
03-Jul-20,EQ,350.2,366.8,348.65,346.8,361.1,360.4,361.91,428.85,203,9300948,"3,36,60,73,077.75",118487
06-Jul-20,EQ,365.1,366,356.1,360.4,361.75,359.45,361.88,428.85,203,3360577,"1,21,61,21,914.50",40192
07-Jul-20,EQ,361,361,344.25,359.45,346.75,345.95,348.58,428.85,203,4348443,"1,51,57,84,902.55",80880
08-Jul-20,EQ,349,349.65,339.3,345.95,340.3,340.6,342.09,428.85,203,3988479,"1,36,44,19,919.15",52182
09-Jul-20,EQ,341,346.5,340,340.6,344.55,343.15,342.95,428.85,203,3635224,"1,24,66,92,293.55",36509
10-Jul-20,EQ,341,342.7,332.25,343.15,335.5,334.95,334.65,428.85,203,3368457,"1,12,72,55,253.20",39357
13-Jul-20,EQ,336.25,339.65,331.5,334.95,332.7,332.2,334.26,428.85,203,2187706,"73,12,68,056.40",31252
14-Jul-20,EQ,332.7,333.5,319.7,332.2,319.9,320.4,324.19,428.85,203,3146962,"1,02,02,22,437.60",42784
15-Jul-20,EQ,320.55,324.5,312.9,320.4,314.8,315.15,319.49,428.85,203,3905269,"1,24,77,06,784.60",38445
16-Jul-20,EQ,317,317.45,309.6,315.15,311,311.2,312.24,428.85,203,3122868,"97,50,76,018.00",29815
17-Jul-20,EQ,312,318.9,310.6,311.2,314.1,313,314.19,428.85,203,3264266,"1,02,55,93,004.75",40107
20-Jul-20,EQ,316,318.7,310.35,313,317.95,317.3,314.8,428.85,203,4328922,"1,36,27,34,365.40",52748
21-Jul-20,EQ,320.9,325.35,313.6,317.3,315.05,314.7,319.26,428.85,203,4264604,"1,36,15,00,804.50",58381
22-Jul-20,EQ,316.2,318.65,309.1,314.7,312.4,312,314.27,428.85,203,3068805,"96,44,41,839.80",51867
23-Jul-20,EQ,313.4,315.95,311.6,312,314,313.9,314.08,428.85,203,2831417,"88,93,05,259.70",33682
24-Jul-20,EQ,313.9,313.95,305.35,313.9,309,309.4,308.72,428.85,203,2457671,"75,87,22,233.05",34453
27-Jul-20,EQ,309,310.7,298,309.4,309.7,309.05,305.75,428.85,203,5465737,"1,67,11,73,185.50",39366
28-Jul-20,EQ,309.9,320,308.05,309.05,318.5,318.6,316.69,428.85,203,4973848,"1,57,51,50,788.55",55198
29-Jul-20,EQ,317.05,323,312.05,318.6,315.2,315.15,317.46,428.85,203,4000041,"1,26,98,37,418.45",46866
30-Jul-20,EQ,317.85,321.75,310.1,315.15,312.25,312.5,315.96,428.85,203,2498355,"78,93,76,741.20",33810
31-Jul-20,EQ,315,318.15,312.75,312.5,315.15,315.2,315.45,428.85,203,1945026,"61,35,58,478.65",26265
03-Aug-20,EQ,311,319.55,308.65,315.2,313,311.35,313.84,428.85,203,2408531,"75,59,04,546.10",35461
04-Aug-20,EQ,313,317.75,311.35,311.35,315,314.95,314.91,428.85,203,3182644,"1,00,22,44,969.25",44577
05-Aug-20,EQ,316.4,328.8,313.4,314.95,327,327.1,322.29,428.85,203,8387056,"2,70,30,54,553.40",84896
06-Aug-20,EQ,330.1,330.9,321.4,327.1,324.05,323.8,325.66,428.85,203,3282020,"1,06,88,08,454.70",39724
07-Aug-20,EQ,323.9,328.35,321.55,323.8,326.45,326.65,325.34,428.85,203,2634956,"85,72,55,053.10",32454
10-Aug-20,EQ,329,333.95,325.7,326.65,331.25,331.3,331.19,428.85,203,3187734,"1,05,57,60,716.95",39656
11-Aug-20,EQ,333.5,336.75,330.7,331.3,334.95,335,333.9,428.85,203,3504783,"1,17,02,43,377.40",48058
12-Aug-20,EQ,336,347.75,331.75,335,341.3,341.2,342.48,428.85,203,10674205,"3,65,57,43,286.35",110910
13-Aug-20,EQ,343.55,348.95,341.75,341.2,348.3,347.65,346.15,428.85,203,2707033,"93,70,31,607.40",52899
14-Aug-20,EQ,353.75,353.75,343.65,347.65,348.8,348.1,349.12,428.85,203,3377000,"1,17,89,71,733.55",43149
17-Aug-20,EQ,350.85,358,346.8,348.1,357.25,357.45,355.13,428.85,203,4508358,"1,60,10,69,314.55",62052
18-Aug-20,EQ,356.9,359.5,354.5,357.45,358.25,357.45,357.21,428.85,203,2151419,"76,85,17,064.50",26121
19-Aug-20,EQ,360,366.2,355.5,357.45,356.3,356.65,359.87,428.85,203,3269190,"1,17,64,83,812.20",47238
20-Aug-20,EQ,354.95,357.1,347.95,356.65,353.35,353.6,353.79,428.85,203,3533916,"1,25,02,66,188.30",64231
21-Aug-20,EQ,357.9,359.35,353,353.6,353.15,354.35,355.7,428.85,203,1342269,"47,74,50,265.25",24559
24-Aug-20,EQ,358.4,363.3,347.6,354.35,350.5,349,354.12,428.85,203,3489262,"1,23,56,25,992.00",42490
25-Aug-20,EQ,351.9,352,341,349,345.4,346.1,345.32,428.85,203,3532971,"1,21,99,88,776.65",45969
26-Aug-20,EQ,346.35,366.9,346.35,346.1,352.8,354.25,359.39,428.85,203,11568961,"4,15,77,15,503.95",119740
27-Aug-20,EQ,356,357.45,349.55,354.25,350.85,350.55,353.96,428.85,203,2996658,"1,06,06,91,123.15",38053
28-Aug-20,EQ,355,363,348.5,350.55,359.55,360.05,356.19,428.85,203,5406554,"1,92,57,63,371.50",61052
31-Aug-20,EQ,365,378.35,352,360.05,353.55,355.75,367.22,428.85,203,19379274,"7,11,64,80,249.40",200483
01-Sep-20,EQ,357,365.35,341.4,355.75,351,348.8,353.73,428.85,203,6726316,"2,37,93,12,308.20",65666
02-Sep-20,EQ,352.95,363.5,344.1,348.8,360.1,359.9,355.8,428.85,203,5694675,"2,02,61,52,981.05",66344
03-Sep-20,EQ,363.5,368,359.55,359.9,366.2,366,364.67,428.85,203,4286269,"1,56,30,66,415.05",56888
04-Sep-20,EQ,363.4,363.4,351.1,366,354.2,353,357.2,428.85,203,7628188,"2,72,48,16,904.65",81007
07-Sep-20,EQ,355,357.95,347.2,353,351.05,352.05,351.73,428.85,203,3344349,"1,17,63,16,330.90",43113
08-Sep-20,EQ,352.7,355.95,343.55,352.05,345.1,345.6,351.07,428.85,203,2339457,"82,13,19,190.45",39983
09-Sep-20,EQ,344.4,346.3,335.35,345.6,344.75,343.85,341.33,428.85,203,3413215,"1,16,50,21,539.65",46303
10-Sep-20,EQ,346,348.95,336.6,343.85,340.85,341.6,343.55,428.85,203,3893126,"1,33,74,75,726.05",68676
11-Sep-20,EQ,341,343.9,333.45,341.6,340.55,342.5,339.18,428.85,203,4656343,"1,57,93,41,294.25",59984
14-Sep-20,EQ,345,353.6,343.45,342.5,351.5,351.65,349.42,428.85,203,4221864,"1,47,52,12,151.85",61761
15-Sep-20,EQ,355.1,356.8,351,351.65,351.7,352.65,353.6,428.85,203,2042343,"72,21,80,645.75",34558
16-Sep-20,EQ,352.25,356.1,348.95,352.65,352.9,353.55,353.29,428.85,203,1998100,"70,59,01,722.20",33098
17-Sep-20,EQ,352,355.5,345,353.55,346.45,346.1,349.86,428.85,203,2433213,"85,12,73,266.85",42562
18-Sep-20,EQ,348.7,359.8,347.1,346.1,359.1,357.85,355.48,428.85,203,4963128,"1,76,42,94,553.15",56741
21-Sep-20,EQ,358,359,343.95,357.85,345.95,347.85,352.77,428.85,203,3086223,"1,08,87,41,509.45",40089
22-Sep-20,EQ,347.85,348.35,327.15,347.85,331.65,332.3,333.76,428.85,203,4670215,"1,55,87,23,599.85",58839
23-Sep-20,EQ,332.55,335.35,320.15,332.3,324.75,324.6,326.08,428.85,203,4281300,"1,39,60,65,561.45",46563
24-Sep-20,EQ,321.55,322.95,312.1,324.6,314,313.75,315.19,428.85,203,6857200,"2,16,12,97,598.60",46293
25-Sep-20,EQ,319,329.7,315.6,313.75,326.3,326.15,325.96,428.85,203,6282538,"2,04,78,64,903.75",60879
28-Sep-20,EQ,327.8,343.2,327.8,326.15,340.8,339.55,338.94,428.85,203,4249775,"1,44,04,06,839.50",52122
29-Sep-20,EQ,343.4,346.4,336.9,339.55,340,341,341.29,428.85,203,3490719,"1,19,13,40,153.55",36554
30-Sep-20,EQ,340.55,346.55,330,341,344.4,341.75,338.41,428.85,203,2757175,"93,30,57,298.25",34225
01-Oct-20,EQ,345.5,354.9,344.5,341.75,353.95,353.3,350.87,428.85,203,3004005,"1,05,40,28,364.10",38850
05-Oct-20,EQ,355.9,358,348.45,353.3,349.5,350.35,355.17,428.85,203,11896462,"4,22,52,10,204.70",39836
06-Oct-20,EQ,356,364.5,354.85,350.35,362.45,362.9,361.25,428.85,203,7483578,"2,70,34,70,908.40",87891
07-Oct-20,EQ,362.55,368.75,359,362.9,359.25,360.65,363.05,428.85,203,4024902,"1,46,12,53,136.35",45291
08-Oct-20,EQ,359.8,362.8,356.35,360.65,359.85,359.75,359.87,428.85,203,3036028,"1,09,25,88,468.60",30626
09-Oct-20,EQ,361,362.45,355.15,359.75,357,357.2,357.98,428.85,203,1988867,"71,19,75,014.15",29409
12-Oct-20,EQ,359.1,362.85,355.05,357.2,358.95,357.65,358.06,428.85,203,3626399,"1,29,84,51,826.80",36938
13-Oct-20,EQ,357.65,358.65,348.4,357.65,348.6,349.9,353.75,428.85,203,2413111,"85,36,35,734.40",31110
14-Oct-20,EQ,349.1,351.2,344.7,349.9,350.9,348.95,347.8,428.85,203,2363439,"82,19,98,491.00",23097
15-Oct-20,EQ,350.6,353.85,341.25,348.95,342.55,342.8,348.32,428.85,203,2855273,"99,45,35,017.75",36155
16-Oct-20,EQ,344.35,354.75,341.95,342.8,352,349.95,346.89,428.85,203,2635081,"91,40,83,561.20",32443
19-Oct-20,EQ,352.6,352.6,344.8,349.95,346.7,347.55,347.45,428.85,203,2181975,"75,81,24,831.65",29201
20-Oct-20,EQ,346.7,352.3,345.65,347.55,349,348.95,348.31,428.85,203,1999765,"69,65,44,859.20",27914
21-Oct-20,EQ,350.25,360.15,349.55,348.95,353.6,355.35,355.67,428.85,203,4398526,"1,56,44,45,041.25",63592
22-Oct-20,EQ,350.55,364.05,350.15,355.35,357.9,358.35,359.81,428.85,203,4506437,"1,62,14,79,340.65",59737
23-Oct-20,EQ,360,369,357.65,358.35,363.05,364.35,365.85,428.85,203,6357073,"2,32,57,37,834.60",65224
26-Oct-20,EQ,366,373.9,360.35,364.35,360.9,363.7,368.41,405,203,7541567,"2,77,84,03,138.05",107856
27-Oct-20,EQ,360.2,366.2,351,363.7,363.05,364.4,358.14,405,203,5869581,"2,10,21,03,879.30",60870
28-Oct-20,EQ,363,370,352,364.4,353,353.65,361.96,405,203,3863941,"1,39,85,94,524.70",47124
29-Oct-20,EQ,350.55,350.55,341.15,353.65,342.5,342.7,345.39,405,203,3346474,"1,15,58,34,353.90",41704
30-Oct-20,EQ,345.2,362.7,343.2,342.7,358,359.85,357.09,405,203,12044260,"4,30,08,58,388.20",100369
02-Nov-20,EQ,360,362.7,351.2,359.85,357.65,356.9,357.8,394.95,203,9364431,"3,35,06,02,015.35",143754
03-Nov-20,EQ,362,362.65,347.2,356.9,352.55,353.65,352.36,394.95,203,7971473,"2,80,88,12,751.65",146787
04-Nov-20,EQ,367.65,369.5,349.6,353.65,361.55,361.1,358.45,394.95,203,17940352,"6,43,06,34,499.55",135409
05-Nov-20,EQ,366.05,374.65,364.3,361.1,368.5,368.65,367.43,394.95,203,16920686,"6,21,71,99,318.30",81951
06-Nov-20,EQ,368.65,375.9,365.8,368.65,371.05,371.1,370.47,394.95,203,7290106,"2,70,07,42,550.55",56970
09-Nov-20,EQ,375,376,366,371.1,366.95,367.05,368.53,394.6,203,7038841,"2,59,40,49,961.25",49135
10-Nov-20,EQ,370.7,374.5,364.15,367.05,366.4,366.75,370.24,394.6,203,6850175,"2,53,62,28,200.25",88296
11-Nov-20,EQ,366.75,372.45,365.25,366.75,371.75,371.6,370.12,394.6,203,4370366,"1,61,75,69,582.80",56788
12-Nov-20,EQ,373,375.6,366.1,371.6,368,368.05,369.57,394.6,203,4759659,"1,75,90,46,962.30",43387
13-Nov-20,EQ,367.5,370.4,362.7,368.05,365.2,365.5,366.25,394.6,203,4156320,"1,52,22,65,382.10",47689
14-Nov-20,EQ,369,369,363,365.5,364.5,366.1,367.03,394.6,203,444529,"16,31,54,221.55",8224
17-Nov-20,EQ,368.5,386.75,366.25,366.1,378.4,379.65,376.87,394.6,203,11192618,"4,21,81,22,271.90",108529
18-Nov-20,EQ,382,395.2,382,379.65,391.9,391.1,390.19,395.2,203,15514329,"6,05,36,04,312.25",159514
19-Nov-20,EQ,390,392.7,379.6,391.1,381.4,381.9,387.28,395.2,203,6894431,"2,67,00,48,352.00",71682
20-Nov-20,EQ,381,382.65,373,381.9,375.95,375.85,377.05,395.2,203,5562369,"2,09,72,95,719.60",90980
23-Nov-20,EQ,375.85,379.35,370.3,375.85,375.4,375.15,374.66,395.2,203,4065424,"1,52,31,57,120.95",49565
24-Nov-20,EQ,378,402,376,375.15,391.9,392.25,395.17,402,203,19485370,"7,70,00,25,444.80",200786
25-Nov-20,EQ,396.3,404.7,384.4,392.25,397.9,398.95,395.9,404.7,203,18238080,"7,22,05,19,048.75",186507
26-Nov-20,EQ,400.8,413,395.65,398.95,410.45,410.15,404.31,413,203,12856261,"5,19,78,92,248.95",141046
27-Nov-20,EQ,411,416,408.2,410.15,412,411.55,411.67,416,203,10593353,"4,36,09,92,708.60",103550
01-Dec-20,EQ,415,426,412,411.55,423.9,423.8,420.33,426,203,9170159,"3,85,45,08,532.60",100625
02-Dec-20,EQ,424.9,442,420.35,423.8,437.5,438.2,433.96,442,203,13049398,"5,66,29,05,957.15",140237
03-Dec-20,EQ,442,444.5,433.05,438.2,435.85,435.8,439.93,444.5,203,10810399,"4,75,58,25,650.00",97802
04-Dec-20,EQ,439.7,458.3,439,435.8,457,453.7,446.64,458.3,203,10271034,"4,58,74,34,461.95",104783
07-Dec-20,EQ,461,474.9,459,453.7,470,471.5,469.18,474.9,203,16140936,"7,57,30,53,470.15",154105
08-Dec-20,EQ,472.7,474.7,457.55,471.5,463.5,463.35,463.51,474.9,203,9218366,"4,27,27,76,634.55",105341
09-Dec-20,EQ,467.65,469.9,458.15,463.35,465.05,463.9,464.92,474.9,203,5811412,"2,70,18,55,551.15",67073
10-Dec-20,EQ,463.9,474.1,457,463.9,471.8,471,465.89,474.9,203,4785102,"2,22,93,09,469.10",52741
11-Dec-20,EQ,471.75,475,462.7,471,465,466.3,467.96,475,203,4922448,"2,30,34,95,642.95",52997
14-Dec-20,EQ,468.6,472.45,463.1,466.3,466.9,467,467.52,475,203,5943652,"2,77,87,75,604.25",69266
15-Dec-20,EQ,469.5,479.65,461.45,467,475.3,475.75,474.34,479.65,203,10973876,"5,20,53,61,291.25",128683
16-Dec-20,EQ,480,480.45,473.15,475.75,476,475.55,476.32,480.45,203,5452263,"2,59,70,18,283.35",70859
17-Dec-20,EQ,478,478.8,465.55,475.55,468.75,467.75,470.81,480.45,203,6757703,"3,18,15,87,815.30",102164
18-Dec-20,EQ,467.75,472.95,458.5,467.75,462,463.3,464.49,480.45,203,5980780,"2,77,80,37,927.80",70891
21-Dec-20,EQ,459,467,427.2,463.3,441.4,444.25,457.25,480.45,203,8223842,"3,76,03,29,399.10",89880
22-Dec-20,EQ,444.25,470.5,435,444.25,468.9,468.65,454.42,480.45,203,9462053,"4,29,97,76,177.55",113590
23-Dec-20,EQ,467.15,476.7,462.5,468.65,470,470.75,471.51,480.45,203,7943560,"3,74,55,03,472.35",94713
24-Dec-20,EQ,474.9,482.9,466,470.75,477.45,478.55,475.4,482.9,203,7679078,"3,65,06,37,319.60",95603
28-Dec-20,EQ,480,492.95,480,478.55,484,483.55,487.06,492.95,203,8372924,"4,07,80,85,525.90",85170
29-Dec-20,EQ,485,489.85,478.2,483.55,482.25,483.4,484.5,492.95,203,5866837,"2,84,24,63,017.35",71303
30-Dec-20,EQ,484,487.6,478.15,483.4,484.75,485.4,483.05,492.95,203,3736356,"1,80,48,34,489.80",53291
31-Dec-20,EQ,485.4,490.8,480.25,485.4,480.75,483.75,486.21,492.95,203,4386328,"2,13,26,59,133.05",62456
01-Jan-21,EQ,485,508,482.55,483.75,505,503.85,495.57,508,203,7815730,"3,87,32,34,425.90",79171
04-Jan-21,EQ,507,510.9,495.2,503.85,498.1,498.9,501.35,510.9,203,9998803,"5,01,29,48,738.45",88263
05-Jan-21,EQ,498.9,504.5,492,498.9,498.75,499.45,499.14,510.9,203,5135408,"2,56,32,94,993.60",57609
06-Jan-21,EQ,501.8,504.95,489.5,499.45,495,496.8,499.09,510.9,203,5203982,"2,59,72,32,899.80",55841
07-Jan-21,EQ,500.1,520.9,499.5,496.8,513.45,513.85,512.28,520.9,203,10295126,"5,27,39,86,854.40",116095
08-Jan-21,EQ,520,527.35,514.5,513.85,516.25,517,521.14,527.35,203,7272250,"3,78,98,49,024.45",105599
11-Jan-21,EQ,520.45,522.5,504,517,506.95,508.35,509.17,527.35,203,7156036,"3,64,36,21,094.35",112381
12-Jan-21,EQ,507,520.65,502.55,508.35,510.7,511.25,514.38,527.35,203,6751375,"3,47,27,75,544.95",94103
13-Jan-21,EQ,515.9,540,514.6,511.25,533.9,536.65,527.18,540,203,11045555,"5,82,29,48,497.45",118708
14-Jan-21,EQ,537.95,542.45,530.1,536.65,534.55,536.95,536.54,542.45,203,6066782,"3,25,50,66,784.05",73956
15-Jan-21,EQ,536.8,541,524,536.95,528,527.95,531.23,542.45,203,5427713,"2,88,33,38,254.60",72798
18-Jan-21,EQ,531,532.3,503.8,527.95,511.1,515.5,517.81,542.45,203,6258367,"3,24,06,68,909.45",83239
19-Jan-21,EQ,516,535,516,515.5,533,532.8,527.84,542.45,203,6694907,"3,53,38,60,465.95",82187
20-Jan-21,EQ,529,562.5,529,532.8,556.25,558.6,550.15,562.5,203,14440729,"7,94,45,85,144.15",159124
21-Jan-21,EQ,561.85,561.85,542.65,558.6,549.75,547.65,551.88,562.5,203,8870257,"4,89,53,06,507.45",117414
22-Jan-21,EQ,549.5,557.5,531.7,547.65,535,535.8,545.45,562.5,203,6843849,"3,73,30,08,812.95",86849
25-Jan-21,EQ,543,547.45,522,535.8,523.4,523.65,532.01,562.5,203,5816153,"3,09,42,42,490.10",75883
27-Jan-21,EQ,528.25,536,512.5,523.65,516.65,518.85,523.59,562.5,203,8920054,"4,67,04,11,926.70",105470
28-Jan-21,EQ,515.7,527.95,507.05,518.85,520.3,519.1,519.12,562.5,203,5707393,"2,96,28,07,750.10",72088
29-Jan-21,EQ,527.55,533.1,507.1,519.1,510,509.7,520.22,562.5,203,6781488,"3,52,78,76,648.40",81398
01-Feb-21,EQ,514.3,545.45,500.1,509.7,543.8,542.75,521.81,562.5,203,10259084,"5,35,32,54,917.15",144291
02-Feb-21,EQ,548.7,554.85,540,542.75,553.3,550.8,547.68,562.5,203,7160471,"3,92,16,59,690.50",72629
03-Feb-21,EQ,549.55,562.3,542,550.8,560,560.1,555.66,562.5,203,7462289,"4,14,65,13,325.30",73872
04-Feb-21,EQ,557.9,573.4,554.05,560.1,568.7,568.4,565.59,573.4,203,6850462,"3,87,45,50,036.00",76877
05-Feb-21,EQ,571,573.95,561.65,568.4,567.6,566.95,568.7,573.95,203,5586868,"3,17,72,37,232.50",65457
08-Feb-21,EQ,572.15,594,571.1,566.95,583.3,582.05,583.52,594,203,8887710,"5,18,61,33,387.80",118318
09-Feb-21,EQ,589.65,589.8,573.2,582.05,582.2,581.95,581.89,594,203,10917915,"6,35,30,78,363.25",110355
10-Feb-21,EQ,584.75,587,550.5,581.95,578.4,576.85,567.22,594,203,19987392,"11,33,72,93,385.70",202060
11-Feb-21,EQ,576.85,593.7,576.3,576.85,590.25,591.85,585.92,594,203,10595917,"6,20,83,10,908.15",98093
12-Feb-21,EQ,592.3,621.65,586.1,591.85,611.75,616.6,606.51,621.65,203,24953701,"15,13,46,77,388.95",253089
15-Feb-21,EQ,617.95,639.9,610.8,616.6,625.8,627.75,627.65,639.9,203,15146033,"9,50,64,62,378.65",184606
16-Feb-21,EQ,629.8,643.5,628.05,627.75,637.4,636.55,637.44,643.5,203,15120148,"9,63,81,25,111.15",241095
17-Feb-21,EQ,658,670,646.9,636.55,654,655.75,658.2,670,203,34868085,"22,95,01,89,490.75",469652
18-Feb-21,EQ,660.8,670,649.05,655.75,664.2,664.05,659.78,670,203,13189027,"8,70,18,91,515.10",161477
19-Feb-21,EQ,664.95,676.65,628.65,664.05,655,653.5,658.84,676.65,203,17553743,"11,56,50,22,396.50",219949
22-Feb-21,EQ,658.8,678.5,649,653.5,672,673.8,665.66,678.5,203,16739107,"11,14,24,95,641.05",200480
23-Feb-21,EQ,680,682.7,659.25,673.8,662,662,668.7,682.7,203,11247164,"7,52,09,40,821.50",160718
24-Feb-21,EQ,666.7,671,653.4,662,666.4,665.2,665.04,682.7,203,3919187,"2,60,63,99,185.80",57372
25-Feb-21,EQ,669.4,711.35,667.15,665.2,705,704.3,695.14,711.35,203,18596690,"12,92,72,21,549.30",226639
26-Feb-21,EQ,697.1,703.45,668,704.3,668.25,675.9,686.34,711.35,203,19909990,"13,66,51,13,847.35",220978
01-Mar-21,EQ,684.6,704.65,673.3,675.9,697.6,692.9,688.54,711.35,203,11600468,"7,98,74,21,582.95",179958
02-Mar-21,EQ,697.6,724.7,696,692.9,721.25,720.5,708.76,724.7,203,11486477,"8,14,11,58,368.05",170602
03-Mar-21,EQ,732,754.95,723.4,720.5,733.25,729.85,739.56,754.95,203,19961472,"14,76,26,53,883.70",285506
04-Mar-21,EQ,733.25,765.7,715.85,729.85,751.55,752.45,749.5,765.7,203,30607959,"22,94,05,36,363.40",388068
05-Mar-21,EQ,752.45,761,730.5,752.45,749.65,748.95,748.31,765.7,203,17665200,"13,21,89,90,805.30",245042
08-Mar-21,EQ,762.7,767.8,744.2,748.95,747.8,748.4,754.53,767.8,203,15286852,"11,53,44,18,295.50",184855
09-Mar-21,EQ,755.55,759.4,738.65,748.4,748,750.75,750.81,767.8,203,8548163,"6,41,80,30,555.95",119726
10-Mar-21,EQ,757.5,759.1,743,750.75,744.3,745.35,747.93,767.8,203,5235249,"3,91,55,87,538.60",80675
12-Mar-21,EQ,749,752.1,723,745.35,723.25,728.15,737.27,767.8,203,10961076,"8,08,12,86,368.25",145204
15-Mar-21,EQ,727.8,727.8,706.05,728.15,714.9,719.05,714.38,767.8,203,13403595,"9,57,53,17,658.65",184280
16-Mar-21,EQ,731.4,735.7,714.25,719.05,715.5,717.35,724.18,767.8,203,14979009,"10,84,75,22,192.50",214166
17-Mar-21,EQ,715,716.95,683.8,717.35,686,688.25,700.79,767.8,203,8151544,"5,71,25,08,949.20",126227
18-Mar-21,EQ,695,705.5,675.4,688.25,680.9,679.65,691.5,767.8,203,10925357,"7,55,49,18,691.10",134874
19-Mar-21,EQ,677.4,691.5,657.1,679.65,688,686.25,676.77,767.8,203,10373422,"7,02,03,90,129.85",114618
22-Mar-21,EQ,686,726.25,681,686.25,721.95,721.9,711.91,767.8,203,22864950,"16,27,78,32,344.00",314032
23-Mar-21,EQ,730.25,755,727.1,721.9,736.75,738.55,743.33,767.8,203,30612174,"22,75,49,16,019.70",390324
24-Mar-21,EQ,741,750.5,697.65,738.55,708.15,706.85,726.81,767.8,203,21213413,"15,41,81,14,820.30",273247
25-Mar-21,EQ,711,712.35,683.15,706.85,687.6,688.25,695.13,767.8,203,16860086,"11,71,99,32,572.35",202143
26-Mar-21,EQ,698,710.7,692.6,688.25,702,703.05,702.76,767.8,203,12350673,"8,67,95,08,164.70",156526
30-Mar-21,EQ,703.05,718,697.3,703.05,710,710.55,708.62,767.8,235.05,9109505,"6,45,51,44,308.35",137556
31-Mar-21,EQ,705,719.9,698.6,710.55,702.4,702.4,710.23,767.8,235.05,7752226,"5,50,58,34,129.90",105720
01-Apr-21,EQ,713.5,742,705,702.4,733.55,736.25,725.68,767.8,235.05,15017049,"10,89,75,78,397.80",166679
05-Apr-21,EQ,731.75,745,715,736.25,744,742.25,730.14,767.8,242.75,15622924,"11,40,68,92,414.55",205603
06-Apr-21,EQ,756,852.7,743,742.25,849.85,835.55,800.35,852.7,242.75,64555516,"51,66,68,33,806.10",747062
07-Apr-21,EQ,857,885,795,835.55,812.45,814.75,835.16,885,242.75,97717880,"81,60,98,83,078.35",1205984
08-Apr-21,EQ,818,838,806,814.75,824,823,823.05,885,242.75,34025873,"28,00,48,82,484.10",403689
09-Apr-21,EQ,824.75,837,817.05,823,822.2,823.6,827.17,885,242.75,21804785,"18,03,62,13,145.85",265700
12-Apr-21,EQ,809.9,809.9,735,823.6,750,744.65,762.16,885,247.5,28112240,"21,42,60,97,845.55",422020
13-Apr-21,EQ,750,755.75,701.35,744.65,733.1,731.05,723.89,885,247.5,52812517,"38,23,03,11,544.30",655274
15-Apr-21,EQ,735.9,754.5,725,731.05,747,750.35,740.39,885,247.5,26108614,"19,33,06,54,007.75",335056
16-Apr-21,EQ,750.9,794.85,743,750.35,749.15,755.5,770.01,885,247.5,41791181,"32,17,94,40,099.40",499686
19-Apr-21,EQ,715,730.9,707.45,755.5,719,720.95,721.84,885,258.5,22935238,"16,55,55,24,101.30",290362
20-Apr-21,EQ,744.7,745.9,710,720.95,721,720.45,729.05,885,258.5,21315167,"15,53,97,76,764.20",243616
22-Apr-21,EQ,689.5,744.9,689.5,720.45,736.45,737.8,727.53,885,258.5,26840536,"19,52,72,76,468.50",325317
23-Apr-21,EQ,736.45,746.9,720.1,737.8,725.1,725.35,733.59,885,258.5,18435449,"13,52,40,09,267.35",204435
26-Apr-21,EQ,733,739.65,728.9,725.35,729.2,730.75,733.25,885,261.1,9390549,"6,88,56,57,723.60",116457
27-Apr-21,EQ,735,757.5,727.35,730.75,748.6,749.15,747.67,885,261.1,20573107,"15,38,19,13,474.80",236896
28-Apr-21,EQ,755,760,741.1,749.15,743.4,746.25,751.02,885,261.1,11156977,"8,37,91,05,612.85",130847
29-Apr-21,EQ,753.2,765.85,743.4,746.25,746.4,746.75,753.06,885,261.1,13851910,"10,43,13,86,469.80",153293
30-Apr-21,EQ,739,759.45,724.5,746.75,726.4,730.05,743.35,885,261.1,12600934,"9,36,69,11,389.95",132141
03-May-21,EQ,727.65,764,713.75,730.05,763,761.4,747.35,885,261.1,25953577,"19,39,64,45,476.90",329203
04-May-21,EQ,779.85,782,760.05,761.4,768,768.75,771.89,885,261.1,31400296,"24,23,74,62,113.40",311611
05-May-21,EQ,772,774.8,732.7,768.75,741,738.1,744.59,885,261.1,29426971,"21,91,08,83,098.45",349595
06-May-21,EQ,745,753.7,735.6,738.1,740.4,740.8,743.14,885,261.1,11926793,"8,86,33,35,614.80",142457
07-May-21,EQ,747.7,778,745.25,740.8,764.95,767.75,763.24,885,261.1,20782117,"15,86,17,37,367.05",245154
10-May-21,EQ,774.4,779.5,762.45,767.75,764,765.45,770.11,885,262.35,9201326,"7,08,60,57,757.75",118611
11-May-21,EQ,751,789.7,750.35,765.45,761.65,762.65,770.95,885,262.35,12978165,"10,00,54,53,436.65",159784
12-May-21,EQ,763,772.8,747.7,762.65,752.35,751.6,759.1,885,262.35,10615003,"8,05,78,26,978.55",112344
14-May-21,EQ,757.9,758.65,727.5,751.6,735.8,733.55,738.82,885,262.35,10876267,"8,03,56,54,550.80",136604
17-May-21,EQ,740,760,737,733.55,754.2,754.2,750.88,885,291.35,12271212,"9,21,42,33,825.30",151590
18-May-21,EQ,765,780,757.1,754.2,780,775.9,767.92,885,291.35,9877934,"7,58,54,30,133.25",124879
19-May-21,EQ,784,791.9,769.3,775.9,770.5,772.4,779.94,885,291.35,15666729,"12,21,91,61,545.25",209821
20-May-21,EQ,776.5,779.5,761.05,772.4,764.5,765.7,770.79,885,291.35,6964023,"5,36,78,04,456.90",93043
21-May-21,EQ,772,775.25,766.65,765.7,769,769.2,771.25,885,291.35,5274817,"4,06,82,23,388.85",83762
24-May-21,EQ,769.7,779.9,746.6,769.2,766.8,766.55,768.78,885,298,8354397,"6,42,27,16,096.95",110823
25-May-21,EQ,773,776.7,759,766.55,764,764,766.92,885,298,4730725,"3,62,80,78,337.10",67141
26-May-21,EQ,767.85,769.9,757,764,758,758.3,762.82,885,298,7375242,"5,62,59,60,340.05",70583
27-May-21,EQ,758.3,765,749.45,758.3,751.75,751.4,757.36,885,298,7909776,"5,99,05,58,175.40",100865
28-May-21,EQ,755,784.9,754,751.4,777,776.15,771.74,885,298,13623565,"10,51,38,81,145.30",179796
31-May-21,EQ,779.95,779.95,761.7,776.15,769.15,769.55,767.59,885,298,7820165,"6,00,26,86,584.70",135951
01-Jun-21,EQ,773.1,801.8,764.3,769.55,799,798.2,788.48,885,298,17847137,"14,07,20,38,270.15",237277
02-Jun-21,EQ,802.95,824,802.95,798.2,812,811.5,815.34,885,298,27748928,"22,62,47,62,918.90",381761
03-Jun-21,EQ,818.85,849,810.7,811.5,824.9,825.3,829.64,885,298,24105079,"19,99,86,23,805.95",351421
04-Jun-21,EQ,830.8,841.95,823,825.3,834.65,833.85,832.81,885,298,14457348,"12,04,02,78,495.30",196839
07-Jun-21,EQ,837.4,898.8,835.65,833.85,877.9,878.6,877.67,898.8,298,33684310,"29,56,36,19,132.40",457825
08-Jun-21,EQ,883.4,887.8,859.15,878.6,874.9,874.2,876.07,898.8,298,16422574,"14,38,73,82,988.40",235456
09-Jun-21,EQ,879.25,901,831.3,874.2,853,852.6,869.31,901,298,31225441,"27,14,44,62,470.20",430251
10-Jun-21,EQ,858.55,863.95,843.3,852.6,848.3,846.75,850.32,901,298,11744190,"9,98,63,70,922.80",182614
11-Jun-21,EQ,852,856.4,820.7,846.75,841.7,839.75,836,901,298,17460610,"14,59,71,21,246.95",256714
14-Jun-21,EQ,755.8,783.7,681.1,839.75,762,768.45,729.9,901,298,89771631,"65,52,43,68,830.50",1357995
15-Jun-21,EQ,802.9,802.9,755,768.45,756.5,761.85,768.29,901,298,45408426,"34,88,69,70,740.70",567997
16-Jun-21,EQ,755,755,697.8,761.85,702,706.7,727.19,901,298,29440056,"21,40,84,19,869.20",501294
17-Jun-21,EQ,683,704.65,638.35,706.7,643.2,646.9,664.55,901,298,70812142,"47,05,83,36,276.50",1020950
18-Jun-21,EQ,643.2,704.6,638.1,646.9,693.15,694.35,674.26,901,298,76266975,"51,42,38,13,529.25",1113230
21-Jun-21,EQ,692,744.65,685.1,694.35,730,731.05,724.14,901,298,51759617,"37,48,11,18,131.80",727389
22-Jun-21,EQ,740,761.65,738,731.05,741.9,742.9,752.05,901,298,35597113,"26,77,09,72,571.70",473012
23-Jun-21,EQ,749,757,715.5,742.9,718.55,718.7,730.03,901,298,31168761,"22,75,40,30,899.50",436237
24-Jun-21,EQ,724,725,701.7,718.7,713.1,709.9,710.67,901,298,21503302,"15,28,18,58,172.95",308151
25-Jun-21,EQ,715,719,706.5,709.9,711,712.2,712.05,901,298,12085421,"8,60,54,12,471.45",169118
28-Jun-21,EQ,719,729.95,713,712.2,716.65,716.25,721.62,901,298,14139292,"10,20,32,46,600.05",170418
29-Jun-21,EQ,717.5,723,709,716.25,711.5,711,714.79,901,298,9303151,"6,64,97,89,821.50",111512
30-Jun-21,EQ,717.6,717.6,702.1,711,704.4,703.7,708.27,901,298,9100756,"6,44,57,53,605.75",127848
01-Jul-21,EQ,706,711.85,700,703.7,705,703.1,704.35,901,298,8035542,"5,65,98,40,823.25",111500
02-Jul-21,EQ,705,724.3,705,703.1,710.85,710.4,714.65,901,298,17676086,"12,63,21,29,882.90",219997
05-Jul-21,EQ,717,721,703,710.4,709.5,710.05,711.02,901,298,11105134,"7,89,59,22,610.65",135960
06-Jul-21,EQ,712,731.95,707.1,710.05,714,712.7,720.33,901,298,14580124,"10,50,25,08,481.00",172719
07-Jul-21,EQ,716.9,723,706,712.7,722.5,720.1,715.66,901,298,8719991,"6,24,05,43,083.75",113244
08-Jul-21,EQ,724,728,709.1,720.1,711.8,711.7,718.74,901,298,7804439,"5,60,93,76,188.50",95018
09-Jul-21,EQ,712.5,737,708.35,711.7,728,728.5,725.62,901,298,14924156,"10,82,92,07,998.25",190747
12-Jul-21,EQ,734.4,735.65,715.05,728.5,717.95,718.05,724.26,901,298,8664504,"6,27,53,37,771.90",113106
13-Jul-21,EQ,720,720.9,702,718.05,704.35,704,706.82,901,298,12287372,"8,68,49,50,010.05",164034
14-Jul-21,EQ,709.4,711.5,695.35,704,696.7,697.25,701.74,901,298,13812481,"9,69,27,65,659.45",153862
15-Jul-21,EQ,699.7,706.4,695.5,697.25,698.8,699.1,699.88,901,298,7490612,"5,24,25,31,493.05",103614
16-Jul-21,EQ,699.7,702.9,685.25,699.1,689,687.6,692.02,901,298,6941246,"4,80,34,93,890.15",181696
19-Jul-21,EQ,686,693,661.4,687.6,673.85,673.7,677.93,901,298,13618862,"9,23,26,45,826.80",209938
20-Jul-21,EQ,661,680.85,660,673.7,671.85,672.6,669.92,901,298,11533588,"7,72,65,99,385.50",159528
22-Jul-21,EQ,678,695,666.7,672.6,692.7,691.8,680.49,901,298,9740403,"6,62,82,84,705.95",135345
23-Jul-21,EQ,700,700,677.2,691.8,678.8,680.05,685.13,901,298,8682097,"5,94,83,58,683.40",124938
26-Jul-21,EQ,680,690.95,674.45,680.05,682.25,682.8,684.03,901,298,5339116,"3,65,20,90,774.50",84888
27-Jul-21,EQ,682.8,686.3,660.35,682.8,662.35,663.2,672.2,901,298,7133113,"4,79,48,88,170.45",107660
28-Jul-21,EQ,668.4,676.75,654.2,663.2,664.5,665.4,664.89,901,298,11132158,"7,40,16,83,662.15",154114
29-Jul-21,EQ,671,671,657.95,665.4,659.25,659.65,664.41,901,298,4572153,"3,03,77,84,990.80",71704
30-Jul-21,EQ,661.25,687.8,659.5,659.65,675,674.5,678.17,901,298,13440904,"9,11,51,99,647.95",214286
02-Aug-21,EQ,682,695,678,674.5,694.25,692,690,901,308.65,8925708,"6,15,87,40,505.75",127572
03-Aug-21,EQ,698,714.95,695.25,692,707,705.05,704.96,901,308.65,18429941,"12,99,22,81,233.65",245090
04-Aug-21,EQ,718,718,692,705.05,693.5,694.7,705.77,901,308.65,14045587,"9,91,28,98,514.70",173702
05-Aug-21,EQ,695,700.5,684,694.7,692,693.55,691.43,901,308.65,5851411,"4,04,58,47,837.00",94950
06-Aug-21,EQ,692.95,719.9,691.45,693.55,710,710.7,710.83,901,308.65,17504802,"12,44,29,97,164.75",216974
09-Aug-21,EQ,714,717,694.1,710.7,698.85,699.9,705.61,901,312.1,7521213,"5,30,70,20,168.40",109290
10-Aug-21,EQ,701.7,706.75,683.25,699.9,690.8,693,697.93,901,312.1,5937282,"4,14,38,33,780.40",86998
11-Aug-21,EQ,693.4,705,684.55,693,699.5,699.15,695.11,901,312.1,6297975,"4,37,77,90,423.40",99723
12-Aug-21,EQ,701,710.4,700,699.15,703.95,704.05,705.36,901,312.1,5068665,"3,57,52,33,025.00",80831
13-Aug-21,EQ,704.45,709.5,699.05,704.05,703.9,704.15,705.41,901,312.1,3390071,"2,39,13,92,932.10",59976
16-Aug-21,EQ,704,716.45,702,704.15,706,706.9,709.1,901,312.1,6385995,"4,52,83,00,184.65",85111
17-Aug-21,EQ,705.8,714.9,686.05,706.9,690.95,692.65,701.72,901,312.1,7262774,"5,09,64,39,912.90",109287
18-Aug-21,EQ,696.45,708.3,688.7,692.65,704.5,705.4,700.1,901,312.1,7354758,"5,14,90,43,235.80",95134
20-Aug-21,EQ,690,706.4,680.8,705.4,681.95,687.2,696.2,901,312.1,6274741,"4,36,85,01,196.65",84811
23-Aug-21,EQ,691.8,691.8,665,687.2,668.1,668.3,676.44,901,312.1,6636881,"4,48,94,63,887.10",99258
24-Aug-21,EQ,673,702,668.5,668.3,693.65,695.4,682.67,901,312.1,7640710,"5,21,60,57,697.30",107336
25-Aug-21,EQ,698.5,725,695.4,695.4,721.1,720.75,715.26,901,312.1,21275432,"15,21,74,14,673.75",272990
26-Aug-21,EQ,725,733,717.7,720.75,721.9,721.7,724.56,901,312.1,14969643,"10,84,63,40,655.35",201663
27-Aug-21,EQ,724,731.95,722.25,721.7,726,727,727.14,901,312.1,6751256,"4,90,91,20,084.20",93264
30-Aug-21,EQ,730.6,735.4,727.1,727,728.2,730,730.98,901,312.1,4757858,"3,47,78,91,959.75",71327
31-Aug-21,EQ,732.3,754,728.1,730,747.25,748.3,745.58,901,312.1,15419587,"11,49,65,13,415.30",174105
01-Sep-21,EQ,750.05,751.85,737.6,748.3,744.4,744.75,744.38,901,312.1,5320381,"3,96,03,87,091.15",83876
02-Sep-21,EQ,745,760.65,744,744.75,753.55,753.85,754.33,901,312.1,5788915,"4,36,67,63,974.40",90681
03-Sep-21,EQ,755.95,762,745.3,753.85,753.9,754.9,753.95,901,312.1,4491254,"3,38,61,84,822.80",82469
06-Sep-21,EQ,758.4,765,747.25,754.9,751.2,751.2,757.28,901,312.1,5260360,"3,98,35,68,491.65",85810
07-Sep-21,EQ,753.9,755.15,741.65,751.2,745,745.5,748.32,901,312.1,3515903,"2,63,10,12,420.45",54357
08-Sep-21,EQ,748.8,753,738.25,745.5,748.8,746.85,745.66,901,312.1,4036193,"3,00,96,34,231.65",56261
09-Sep-21,EQ,745.1,751,742,746.85,749,749.7,746.53,901,312.1,2829060,"2,11,19,66,370.45",38702
13-Sep-21,EQ,748,752.65,740.5,749.7,744.6,745.1,744.59,901,312.1,2514604,"1,87,23,38,040.10",39587
14-Sep-21,EQ,747.8,762.75,745.45,745.1,756.5,755.4,755.58,901,312.1,5615411,"4,24,29,07,641.40",75482
15-Sep-21,EQ,758.55,769.8,753.6,755.4,765.65,765.95,763.32,901,312.1,7039338,"5,37,32,98,414.00",115635
16-Sep-21,EQ,769,772.75,760,765.95,768.1,769.65,766.56,901,312.1,4625316,"3,54,56,02,751.15",78970
17-Sep-21,EQ,773.3,786,760,769.65,764.2,767.1,772.6,901,312.1,9701785,"7,49,55,62,991.65",134849
20-Sep-21,EQ,759.8,776,746.1,767.1,747.5,748.9,761.87,901,312.1,5570433,"4,24,39,61,872.65",84484
21-Sep-21,EQ,754,758.8,734.05,748.9,752.85,749.6,746.34,901,312.1,7766479,"5,79,64,25,298.50",82405
22-Sep-21,EQ,750,759.6,742,749.6,746,745.3,751.33,901,312.1,4343365,"3,26,32,88,761.15",60376
23-Sep-21,EQ,754.4,760,750.55,745.3,754,754.5,755.01,901,312.1,3526253,"2,66,23,48,242.65",62096
24-Sep-21,EQ,756,764.9,743,754.5,743.8,744.8,753.04,901,312.1,4445517,"3,34,76,38,583.20",70619
27-Sep-21,EQ,749.7,753.8,736.4,744.8,750.2,750.25,746.15,901,327.8,3803939,"2,83,82,92,813.80",63043
28-Sep-21,EQ,754,756.9,733,750.25,737,738.7,743.85,901,327.8,3748173,"2,78,80,78,252.10",59682
29-Sep-21,EQ,737.65,747.85,736,738.7,742.3,742,743.07,901,327.8,2734053,"2,03,15,88,623.00",45107
30-Sep-21,EQ,745.8,756.5,736,742,737.4,737.9,744.76,901,327.8,4356469,"3,24,45,38,977.55",64273
01-Oct-21,EQ,735.85,738.25,722,737.9,734.35,734.95,730.52,901,327.8,4008108,"2,92,80,04,361.10",57693
04-Oct-21,EQ,738.85,747.5,736.05,734.95,742.9,744.2,742.38,901,341.15,3414151,"2,53,45,95,138.25",47094
05-Oct-21,EQ,744.15,753.8,742,744.2,743.9,743.95,745.87,901,341.15,3270764,"2,43,95,65,161.40",48463
06-Oct-21,EQ,747.7,749,721.85,743.95,722.85,724,732.71,901,341.15,3615568,"2,64,91,68,738.20",62309
07-Oct-21,EQ,730,738.8,726.55,724,735.55,736.15,733.03,901,341.15,3237419,"2,37,31,39,433.70",50359
08-Oct-21,EQ,739.7,747,733.5,736.15,738.75,739.9,739.94,901,341.15,2878232,"2,12,97,22,309.10",47409
11-Oct-21,EQ,743.9,746,736.5,739.9,737.4,737.45,740.08,901,341.15,2118247,"1,56,76,62,210.20",35438
12-Oct-21,EQ,737.65,740.95,728.85,737.45,736.5,736.9,734.38,901,341.15,2152513,"1,58,07,57,466.55",41631
13-Oct-21,EQ,740.6,764.6,739.1,736.9,762.15,759,755.76,901,341.15,9083125,"6,86,46,62,232.20",133048
14-Oct-21,EQ,766.1,817.7,764.25,759,812.95,812.8,796.74,901,341.15,19754735,"15,73,92,94,769.85",292775
18-Oct-21,EQ,820.9,829.9,807,812.8,808.9,810.55,820.29,901,341.15,8883845,"7,28,73,35,788.45",140419
19-Oct-21,EQ,815,820,785,810.55,791,792.25,807.01,901,341.15,5543852,"4,47,39,19,769.35",81177
20-Oct-21,EQ,792,802.9,777.5,792.25,797,794.9,791.94,901,341.15,5467049,"4,32,95,63,948.50",88272
21-Oct-21,EQ,799,802.9,775.3,794.9,779,779.35,787.23,901,341.15,4607499,"3,62,71,44,154.25",71875
22-Oct-21,EQ,780.3,787.3,753.9,779.35,763,761.8,770.02,901,341.15,3860760,"2,97,28,81,509.55",65478
25-Oct-21,EQ,765,765.55,738.55,761.8,751,752.05,750.99,901,341.15,2973109,"2,23,27,81,419.85",49287
26-Oct-21,EQ,752,758.55,740.05,752.05,751.2,749.9,749.41,901,341.15,3093933,"2,31,86,10,843.15",48910
27-Oct-21,EQ,753.65,756.55,743.65,749.9,746,745.85,748.54,901,341.15,3246881,"2,43,04,19,472.05",53804
28-Oct-21,EQ,724.35,734.5,681.15,745.85,691.05,688.1,700.34,901,341.15,18160551,"12,71,85,95,316.80",293375
29-Oct-21,EQ,697,709.6,687,688.1,695,693,698.73,901,341.15,7612968,"5,31,94,24,712.70",136538
01-Nov-21,EQ,705,707,690,693,706.95,704.4,699.45,901,347.2,3233662,"2,26,17,85,312.40",65929
02-Nov-21,EQ,707,715,700.65,704.4,703,702.35,708.03,901,347.2,3028354,"2,14,41,51,847.80",54729
03-Nov-21,EQ,702,719.8,702,702.35,711.7,709.2,711.26,901,347.2,3036191,"2,15,95,12,608.25",59435
04-Nov-21,EQ,713,716.45,713,709.2,713,713.7,714.2,901,347.2,453287,"32,37,38,828.20",13384
08-Nov-21,EQ,717,735.1,709.1,713.7,730.95,730.45,721.85,901,362.7,3227351,"2,32,96,51,450.70",56816
09-Nov-21,EQ,731,744.5,727.8,730.45,737.1,737.35,735.54,901,362.7,3456614,"2,54,24,78,729.65",57702
10-Nov-21,EQ,736.4,745.05,730.1,737.35,738,737.9,738.39,901,362.7,2751881,"2,03,19,67,293.30",45417
11-Nov-21,EQ,734.95,741.55,728.5,737.9,733.1,735.1,734.59,901,362.7,2325810,"1,70,85,26,599.80",44777
12-Nov-21,EQ,737.7,755.5,734.25,735.1,750,750.3,747.47,901,362.7,4585484,"3,42,75,05,997.65",72674
15-Nov-21,EQ,753.9,756.5,740.55,750.3,749.55,749.8,749.26,901,366.25,2434426,"1,82,40,08,241.05",43410
16-Nov-21,EQ,752.7,761.7,743.45,749.8,744.4,746.45,753.48,901,366.25,3378779,"2,54,58,29,944.50",57847
17-Nov-21,EQ,744.4,745,733,746.45,734.5,735.55,738.8,901,366.25,2444025,"1,80,56,49,133.80",45660
18-Nov-21,EQ,739.45,741.3,716.15,735.55,724.2,726.05,726.39,901,366.25,2202581,"1,59,99,42,705.75",41823
22-Nov-21,EQ,725,733.4,704,726.05,714,715,716.91,901,370.3,3557560,"2,55,04,51,813.95",56434
23-Nov-21,EQ,714,733.6,705.2,715,730.95,729.25,726.97,901,370.3,3487221,"2,53,51,18,737.65",56762
24-Nov-21,EQ,735.65,772.35,732,729.25,758,763.05,761.08,901,370.3,11647665,"8,86,48,37,362.95",186206
25-Nov-21,EQ,764.8,774.3,755.5,763.05,764,762.45,764.3,901,370.3,6140941,"4,69,35,45,976.20",89958
26-Nov-21,EQ,750,766,713.25,762.45,715,717.15,737.73,901,370.3,7219931,"5,32,63,48,706.05",108317
29-Nov-21,EQ,707,715,682.65,717.15,701.95,702.6,701.32,901,412,5930351,"4,15,90,58,285.50",98868
30-Nov-21,EQ,704,712.65,679.7,702.6,684,683.85,694.56,901,412,6190734,"4,29,98,22,006.95",108722
01-Dec-21,EQ,695,711.05,682.75,683.85,709,707.95,694.07,901,412,5582125,"3,87,43,63,874.20",88536
02-Dec-21,EQ,710,742.3,702.3,707.95,740,739.1,725.59,901,412,8478638,"6,15,19,82,550.45",126465
03-Dec-21,EQ,739,746.5,734,739.1,736.8,737.45,740.43,901,412,5578503,"4,13,04,81,975.60",80555
06-Dec-21,EQ,739,744.5,721.5,737.45,722.85,723.45,732.83,901,427.2,3537411,"2,59,23,09,609.60",62623
07-Dec-21,EQ,729,749.95,725.8,723.45,745.6,744.7,741.86,901,427.2,3993342,"2,96,25,07,373.95",61271
08-Dec-21,EQ,751.2,764.4,748.2,744.7,762,761.4,757.08,901,427.2,4621331,"3,49,87,00,547.95",77226
09-Dec-21,EQ,766.7,775.8,760,761.4,769,769.75,768.1,901,427.2,4687479,"3,60,04,64,353.10",68811
10-Dec-21,EQ,768.85,794.95,763,769.75,767.5,767.7,780.01,901,427.2,10049545,"7,83,87,24,577.05",146563
13-Dec-21,EQ,775,778.8,750.1,767.7,758.5,758.45,762.66,901,427.2,4985928,"3,80,25,44,148.50",72347
14-Dec-21,EQ,755.9,766,750.5,758.45,764.65,763.7,758.36,901,427.2,2919015,"2,21,36,58,612.30",48510
15-Dec-21,EQ,763.7,766.65,742.95,763.7,745.3,745.5,752.03,901,427.2,4673906,"3,51,49,40,815.00",61621
16-Dec-21,EQ,752,756.45,739.35,745.5,746.35,745.15,746.49,901,427.2,3303620,"2,46,61,31,878.85",51179
17-Dec-21,EQ,744.5,744.5,721.2,745.15,723.4,723.95,727.13,901,427.2,4973404,"3,61,63,28,915.55",56933
20-Dec-21,EQ,717,717,685.5,723.95,699.6,701.7,699.78,901,427.2,4559002,"3,19,03,18,024.00",84650
21-Dec-21,EQ,710,728,701.7,701.7,724.95,725.6,712.9,901,427.2,6943546,"4,95,00,29,548.85",74209
22-Dec-21,EQ,727,729.9,717.25,725.6,723.5,722.85,723.3,901,427.2,3626585,"2,62,31,13,518.55",56178
23-Dec-21,EQ,732.8,747.5,728.85,722.85,730.6,731.3,737.74,901,427.2,6641505,"4,89,96,92,704.80",103622
24-Dec-21,EQ,732.5,734.9,713.4,731.3,720.3,722.4,722.31,901,427.2,3946754,"2,85,07,99,268.15",51419
27-Dec-21,EQ,717,726.4,713,722.4,724.55,723.2,720.68,901,478.15,2663285,"1,91,93,82,585.55",41822
28-Dec-21,EQ,727.1,738.9,725.2,723.2,729,729.25,731.28,901,478.15,3604123,"2,63,56,08,237.95",55446
29-Dec-21,EQ,729,734.2,720.1,729.25,722.4,722.75,725.34,901,478.15,2396416,"1,73,82,27,095.35",39797
30-Dec-21,EQ,722.9,726,716.45,722.75,725,724.25,722.64,901,478.15,3654532,"2,64,09,22,964.75",42452
31-Dec-21,EQ,725,735,725,724.25,730.35,730.3,731.01,901,478.15,2538092,"1,85,53,78,322.70",40272
03-Jan-22,EQ,732,738.65,730.5,730.3,736.1,736.6,734.71,901,489.5,2377227,"1,74,65,69,419.60",35951
04-Jan-22,EQ,743,747,732.65,736.6,739,739.25,739.81,901,489.5,4068551,"3,00,99,63,453.00",53338
05-Jan-22,EQ,739,758.8,734.05,739.25,754,754.9,749.01,901,489.5,5409002,"4,05,13,69,956.15",66305
06-Jan-22,EQ,748.9,748.9,730.1,754.9,739,739.8,737.24,901,489.5,5440633,"4,01,10,33,478.85",79602
07-Jan-22,EQ,744.7,747.7,730.5,739.8,736,736.1,738.2,901,489.5,2590751,"1,91,24,98,842.85",43599
10-Jan-22,EQ,737.1,743,734.1,736.1,738.4,738.85,738.65,901,500.1,2173107,"1,60,51,58,509.20",35078
11-Jan-22,EQ,738.65,768.9,728.5,738.85,764.95,765.1,751.82,901,500.1,8959781,"6,73,61,40,626.70",149571
12-Jan-22,EQ,769.5,774.9,754,765.1,762,763.55,766.1,901,500.1,5775798,"4,42,48,13,401.40",105045
13-Jan-22,EQ,763,776,760,763.55,771,772.2,769.65,901,500.1,4049411,"3,11,66,39,340.35",88732
14-Jan-22,EQ,769,795,763.65,772.2,783.5,780.1,783.88,901,500.1,9627761,"7,54,70,29,585.60",147081
17-Jan-22,EQ,783.5,789.4,773.9,780.1,777.95,779.05,780.64,901,500.1,3187871,"2,48,85,85,764.95",60365
18-Jan-22,EQ,780,790,760,779.05,762.95,762.95,777.98,901,500.1,4300929,"3,34,60,57,515.70",90751
19-Jan-22,EQ,761.75,761.75,736,762.95,743.55,744.2,746.26,901,500.1,5843870,"4,36,10,33,036.70",95069
20-Jan-22,EQ,744,751.7,735,744.2,737,738,741.81,901,500.1,4741333,"3,51,71,56,211.75",76530
21-Jan-22,EQ,732,733.65,714.45,738,724.85,723.9,723.2,901,500.1,9244367,"6,68,55,12,555.45",112533
24-Jan-22,EQ,723.9,725.25,689,723.9,700.9,702.45,704.74,901,500.1,5349759,"3,77,02,10,027.05",104251
25-Jan-22,EQ,696,712.85,690,702.45,711.35,711.1,706.15,901,500.1,4482325,"3,16,51,79,477.80",87891
27-Jan-22,EQ,699.8,712.3,691,711.1,708.8,709.1,702.09,901,500.1,4749083,"3,33,42,83,300.40",85004
28-Jan-22,EQ,713,732.8,707.5,709.1,711.2,710.15,721.58,901,500.1,3543413,"2,55,68,72,453.80",80248
31-Jan-22,EQ,719.7,723.9,714.55,710.15,717.5,716.3,718.91,901,500.1,2152066,"1,54,71,42,104.45",54645
01-Feb-22,EQ,721,744.3,720.65,716.3,739.1,738.75,731.81,901,500.1,6052108,"4,42,89,87,726.25",90513
02-Feb-22,EQ,723.9,746.85,721.5,738.75,743.5,745.2,737.29,901,500.1,6167378,"4,54,71,57,183.65",92678
03-Feb-22,EQ,744.05,745,729.4,745.2,731.4,732.5,737.41,901,500.1,2689612,"1,98,33,60,079.95",48154
04-Feb-22,EQ,735,741.15,724,732.5,725.15,726.95,731.58,901,500.1,2453595,"1,79,50,02,445.30",52953
07-Feb-22,EQ,728.8,729.9,713.35,726.95,716.5,715.15,720.51,901,550.5,2610637,"1,88,09,85,723.50",52490
08-Feb-22,EQ,719,723,703,715.15,715.35,717.8,714.3,901,550.5,3207780,"2,29,13,15,332.10",65830
09-Feb-22,EQ,722,735.4,719.05,717.8,732.75,733.45,730.09,901,550.5,3186942,"2,32,67,58,366.35",64251
10-Feb-22,EQ,736.9,741.55,728.05,733.45,730.3,731.05,734.4,901,550.5,4752601,"3,49,03,10,529.10",78316
11-Feb-22,EQ,727.9,733.9,719.45,731.05,722.1,723.7,725.8,901,550.5,3621116,"2,62,81,94,138.95",60339
14-Feb-22,EQ,714.8,714.8,691,723.7,692.5,695.75,703.02,901,610.8,6219506,"4,37,24,67,968.80",100965
15-Feb-22,EQ,699.7,722.45,690,695.75,719.05,720.6,707.62,901,610.8,3319096,"2,34,86,51,529.60",66030
16-Feb-22,EQ,724.9,750.85,722.1,720.6,737.25,740.75,741.33,901,610.8,9382605,"6,95,55,95,852.40",128156
17-Feb-22,EQ,741.1,745,731.35,740.75,733,734.2,738.47,901,610.8,3407347,"2,51,62,11,140.90",56595
18-Feb-22,EQ,729.9,739.2,725.5,734.2,728.45,727.5,732.49,901,610.8,2151557,"1,57,59,99,343.90",41060
21-Feb-22,EQ,722.7,726.75,709.55,727.5,712,711.1,716.56,901,638.1,2805791,"2,01,05,11,420.85",51846
22-Feb-22,EQ,698,711.1,685,711.1,711,705.55,696.86,901,638.1,6112926,"4,25,98,34,054.05",101897
23-Feb-22,EQ,711,719.4,705,705.55,707,706.7,712.18,901,638.1,2978284,"2,12,10,67,305.85",60389
24-Feb-22,EQ,682,688,651.95,706.7,656.8,654.85,668.81,901,638.1,9547717,"6,38,56,11,547.40",147255
25-Feb-22,EQ,674.5,703,670.25,654.85,697.5,695.15,692.34,901,638.1,5738223,"3,97,28,28,343.00",108630
28-Feb-22,EQ,690,709.65,684.5,695.15,707.2,707.5,700.1,901,638.1,4288186,"3,00,21,58,746.70",78628
02-Mar-22,EQ,702.95,717.9,697.6,707.5,710.05,710.3,709.26,901,638.1,4448558,"3,15,51,78,708.45",68822
03-Mar-22,EQ,718.8,724.6,703,710.3,708,706.7,709.72,901,638.1,7533817,"5,34,69,08,729.25",85752
04-Mar-22,EQ,699.9,710.7,689.05,706.7,698,700.15,699.98,901,638.1,7941457,"5,55,88,80,786.60",99357
07-Mar-22,EQ,690,691.7,663.55,700.15,680,677.8,675.57,901,638.1,4890958,"3,30,41,69,997.55",99202
08-Mar-22,EQ,679.65,692,670.6,677.8,689.55,688.85,683.05,901,638.1,3831397,"2,61,70,37,544.15",79726
09-Mar-22,EQ,697,718,692.7,688.85,714,714.1,708.34,901,638.1,5351552,"3,79,07,29,342.85",103313
10-Mar-22,EQ,727.9,737.65,720.6,714.1,729.5,730.4,730.32,901,638.1,5850213,"4,27,25,43,704.25",90840
11-Mar-22,EQ,729.5,731.75,722.3,730.4,726,729.45,727.9,901,638.1,2864685,"2,08,52,04,356.50",55397
14-Mar-22,EQ,725.95,733.5,724,729.45,731.35,730.55,729.75,901,638.1,1905433,"1,39,04,83,315.45",47272
15-Mar-22,EQ,733,736,716.25,730.55,719.9,721.3,728.37,901,638.1,4228582,"3,07,99,91,788.85",62879
16-Mar-22,EQ,726,729.5,721,721.3,724.4,723.8,724.45,901,638.1,2693057,"1,95,09,86,459.60",46850
17-Mar-22,EQ,730.5,743.8,729.55,723.8,738.5,740.1,738.79,901,638.1,4957379,"3,66,24,37,270.85",83927
21-Mar-22,EQ,741,750.45,725.4,740.1,734.45,735.15,738.78,901,638.1,6662688,"4,92,22,89,691.70",101109
22-Mar-22,EQ,735,743.9,723.05,735.15,739,739.15,733.94,901,638.1,5010054,"3,67,70,58,493.05",83770
23-Mar-22,EQ,747.95,751,731.8,739.15,733.8,733.75,740.43,901,638.1,4698808,"3,47,91,60,166.95",76232
24-Mar-22,EQ,733,742.3,731,733.75,732.8,733.45,736.05,901,638.1,2914647,"2,14,53,29,570.15",60268
25-Mar-22,EQ,737,746.9,730.05,733.45,744.5,743.25,738.23,901,638.1,4003497,"2,95,55,19,936.45",56980
28-Mar-22,EQ,747,749.7,726.55,743.25,735.9,737,735,901,638.1,5691095,"4,18,29,66,366.70",114682
29-Mar-22,EQ,741,766.9,738.05,737,760.25,761.95,754.87,901,638.1,11423551,"8,62,33,31,266.40",145925
30-Mar-22,EQ,768.8,775.95,762.1,761.95,765.5,767.4,769.15,901,638.1,6913983,"5,31,78,59,484.35",106951
31-Mar-22,EQ,767.4,781,765.5,767.4,772.65,774.2,774.64,901,638.1,5468951,"4,23,64,62,874.95",81182
01-Apr-22,EQ,774.5,790.7,774.5,774.2,783.5,785.75,784.47,901,638.1,6816743,"5,34,75,27,396.30",85048
04-Apr-22,EQ,791,822.15,783.65,785.75,818,818.55,804.26,901,638.1,13743062,"11,05,30,55,309.50",157980
05-Apr-22,EQ,840,860.9,826,818.55,844.05,848.05,846.58,901,638.1,21090646,"17,85,48,44,493.95",296045
06-Apr-22,EQ,852.95,862.65,840,848.05,850,849.85,853.17,901,638.1,8785541,"7,49,55,58,236.80",129846
07-Apr-22,EQ,850,866,813.6,849.85,820.45,817.4,840.56,901,638.1,11662093,"9,80,27,03,499.60",171399
08-Apr-22,EQ,823,844.8,817.4,817.4,840,839.3,833.34,901,638.1,5777924,"4,81,49,62,546.05",91200
11-Apr-22,EQ,840,860,839.3,839.3,854.5,854.55,851.38,901,638.1,6030153,"5,13,39,51,708.00",95147
12-Apr-22,EQ,853.9,859,835,854.55,843.8,844.9,848.19,901,638.1,5597246,"4,74,75,31,489.45",93891
13-Apr-22,EQ,849.9,854.9,836.5,844.9,838.15,840.5,844.86,901,638.1,2955807,"2,49,72,52,614.25",56221
18-Apr-22,EQ,831.35,846.75,821.4,840.5,845,842.7,833.04,901,638.1,3969878,"3,30,70,66,320.25",75702
19-Apr-22,EQ,849,850.25,807,842.7,811,819.3,836.8,901,638.1,4472320,"3,74,24,47,083.65",70271
20-Apr-22,EQ,825.6,835.95,820,819.3,829.25,827.65,827.5,901,638.1,3071216,"2,54,14,40,375.80",56523
21-Apr-22,EQ,833,858.9,832.3,827.65,850,850.5,845.67,901,638.1,5539106,"4,68,42,73,436.85",94014
22-Apr-22,EQ,847.45,886,840.7,850.5,874,874.15,876.01,901,638.1,17864000,"15,64,90,61,919.60",266895
