price,volume,symbol
740.159058,48051995,11536_NSE
748.455383,77875009,11536_NSE
753.903748,96602936,11536_NSE
759.674072,100099436,11536_NSE
768.589539,76935930,11536_NSE
752.814087,86288584,11536_NSE
759.277832,179415702,11536_NSE
757.27179,127653926,11536_NSE
785.058411,189051436,11536_NSE
800.041382,172918416,11536_NSE
793.552917,92291448,11536_NSE
803.756165,100259719,11536_NSE
789.912415,138279150,11536_NSE
789.739075,174217485,11536_NSE
800.016663,149773006,11536_NSE
794.271118,156270292,11536_NSE
806.950928,163795200,11536_NSE
817.302795,162072156,11536_NSE
803.458984,166534879,11536_NSE
800.586243,0,11536_NSE
793.751038,301314299,11536_NSE
791.893616,490083300,11536_NSE
784.736511,337615209,11536_NSE
765.865356,295555091,11536_NSE
779.139526,377841766,11536_NSE
775.697144,564175497,11536_NSE
776.192444,573328443,11536_NSE
780.303528,413246254,11536_NSE
774.855164,379193186,11536_NSE
772.700562,458934072,11536_NSE
783.59729,448392867,11536_NSE
776.663025,470284449,11536_NSE
775.920044,287264960,11536_NSE
758.881531,322651352,11536_NSE
774.706543,228740914,11536_NSE
789.763855,239163846,11536_NSE
797.490601,294959199,11536_NSE
799.100342,0,11536_NSE
808.634949,283157057,11536_NSE
814.974854,252022694,11536_NSE
810.41803,251499188,11536_NSE
809.229309,250359756,11536_NSE
810.21991,197441744,11536_NSE
816.015015,322080020,11536_NSE
841.027893,333743853,11536_NSE
835.92627,310777470,11536_NSE
833.895508,0,11536_NSE
837.610291,250989255,11536_NSE
830.725525,394310217,11536_NSE
839.195251,298510635,11536_NSE
833.449707,291248773,11536_NSE
809.724609,370589598,11536_NSE
813.835632,266615573,11536_NSE
812.399292,275797603,11536_NSE
791.645996,287257851,11536_NSE
779.065247,307967990,11536_NSE
773.567383,478710303,11536_NSE
790.853516,0,11536_NSE
811.161011,309417002,11536_NSE
816.411255,311431529,11536_NSE
829.190125,210982442,11536_NSE
822.85022,245693447,11536_NSE
835.282349,174091456,11536_NSE
832.260986,165867248,11536_NSE
864.554871,150429650,11536_NSE
868.220154,114225685,11536_NSE
868.566833,169566688,11536_NSE
866.139832,137080258,11536_NSE
905.912842,111609450,11536_NSE
901.356018,0,11536_NSE
930.925781,105272447,11536_NSE
925.477417,147764942,11536_NSE
931.074341,131575048,11536_NSE
938.503906,99907484,11536_NSE
921.118713,157421358,11536_NSE
933.649902,219956361,11536_NSE
932.015442,179494551,11536_NSE
943.605591,189218828,11536_NSE
937.711426,316699546,11536_NSE
936.423645,303633881,11536_NSE
923.743835,266680850,11536_NSE
898.186096,263173363,11536_NSE
879.463562,246856146,11536_NSE
892.044312,286231521,11536_NSE
875.550659,291913819,11536_NSE
867.031433,194330440,11536_NSE
878.373901,198150092,11536_NSE
875.402039,228659480,11536_NSE
895.362854,233965629,11536_NSE
903.33728,227763058,11536_NSE
912.203247,272775489,11536_NSE
923.793335,253182808,11536_NSE
922.010254,362581901,11536_NSE
938.107666,281236890,11536_NSE
942.169189,279802097,11536_NSE
942.416809,183848049,11536_NSE
934.491943,300443728,11536_NSE
937.117065,423307256,11536_NSE
912.896667,317762715,11536_NSE
901.554138,260880925,11536_NSE
893.133972,150502036,11536_NSE
905.120361,210555235,11536_NSE
917.948792,147373929,11536_NSE
922.802734,135998347,11536_NSE
912.351807,109273710,11536_NSE
907.547363,178076562,11536_NSE
907.002502,251769989,11536_NSE
906.061462,237508017,11536_NSE
912.847107,243719637,11536_NSE
911.113525,205805553,11536_NSE
912.351807,225656109,11536_NSE
917.25531,331911584,11536_NSE
909.528564,154048948,11536_NSE
904.37738,152774438,11536_NSE
911.757446,103358097,11536_NSE
921.069214,83777696,11536_NSE
915.075989,113388076,11536_NSE
915.52179,92464011,11536_NSE
912.401367,53970839,11536_NSE
901.207458,56612280,11536_NSE
902.594299,49769869,11536_NSE
906.210022,88215860,11536_NSE
911.658386,110408618,11536_NSE
914.580688,131363060,11536_NSE
919.830933,162938202,11536_NSE
932.114502,141955323,11536_NSE
933.501343,161155698,11536_NSE
928.944519,136660807,11536_NSE
940.088867,248655454,11536_NSE
940.237488,350497324,11536_NSE
914.283508,255440991,11536_NSE
915.81897,262167715,11536_NSE
911.064026,297888892,11536_NSE
922.555115,372326861,11536_NSE
962.377625,274724739,11536_NSE
974.017273,160540417,11536_NSE
957.276001,250056639,11536_NSE
956.8302,221504258,11536_NSE
955.443359,211480095,11536_NSE
941.475769,317962422,11536_NSE
952.273376,668662040,11536_NSE
934.987244,396249127,11536_NSE
895.858154,514784362,11536_NSE
893.678833,391626120,11536_NSE
883.723206,181625412,11536_NSE
886.001587,187198485,11536_NSE
896.056274,225213391,11536_NSE
889.419189,206647686,11536_NSE
906.903442,273956285,11536_NSE
924.883057,246477412,11536_NSE
926.864258,204151663,11536_NSE
912.648987,190109434,11536_NSE
918.295471,193652468,11536_NSE
912.450867,264780072,11536_NSE
920.623413,167979367,11536_NSE
915.670349,105914226,11536_NSE
925.477417,152612862,11536_NSE
929.88562,141167479,11536_NSE
941.574829,132457251,11536_NSE
945.586792,109835994,11536_NSE
939.494507,89253176,11536_NSE
915.422729,90655654,11536_NSE
902.297119,79389943,11536_NSE
881.395264,0,11536_NSE
902.891479,69769074,11536_NSE
904.526001,103804046,11536_NSE
921.564514,162500655,11536_NSE
923.099915,142519546,11536_NSE
920.326233,216770733,11536_NSE
903.23822,161606818,11536_NSE
891.598511,128940716,11536_NSE
887.091248,139282213,11536_NSE
881.444763,79331130,11536_NSE
888.478088,80394945,11536_NSE
899.622498,56429377,11536_NSE
885.506287,54505978,11536_NSE
892.638672,127423842,11536_NSE
891.350891,62615791,11536_NSE
874.411438,66237674,11536_NSE
884.565186,51619588,11536_NSE
891.10321,49866814,11536_NSE
886.496887,66720462,11536_NSE
899.671997,57561053,11536_NSE
902.44574,125382170,11536_NSE
907.398743,83967063,11536_NSE
908.438904,96549939,11536_NSE
922.109314,81795484,11536_NSE
919.979492,94075891,11536_NSE
930.03418,113446890,11536_NSE
928.251099,73409700,11536_NSE
935.383484,75263298,11536_NSE
929.1922,60971595,11536_NSE
933.451782,68373059,11536_NSE
919.187012,60711781,11536_NSE
927.210938,119136943,11536_NSE
960.941223,114795724,11536_NSE
961.387024,85942811,11536_NSE
966.191467,0,11536_NSE
986.944763,70454802,11536_NSE
954.254639,83112003,11536_NSE
963.566345,125587049,11536_NSE
952.570557,90780391,11536_NSE
944.992432,80927499,11536_NSE
961.882324,89742428,11536_NSE
958.018921,100743801,11536_NSE
967.528809,74612470,11536_NSE
971.937012,74857419,11536_NSE
979.960938,64287131,11536_NSE
977.335815,129531437,11536_NSE
969.75769,207410324,11536_NSE
947.171753,0,11536_NSE
936.473145,186726683,11536_NSE
925.081177,148330458,11536_NSE
922.604614,306758110,11536_NSE
918.047852,141765956,11536_NSE
903.68396,91797672,11536_NSE
907.250183,117861140,11536_NSE
912.153687,0,11536_NSE
911.757446,80743949,11536_NSE
908.835144,81491721,11536_NSE
907.497803,101463136,11536_NSE
912.698547,79213503,11536_NSE
921.812134,173114892,11536_NSE
932.015442,91237973,11536_NSE
938.751587,72198528,11536_NSE
945.438171,74077331,11536_NSE
962.229004,0,11536_NSE
975.106934,42263057,11536_NSE
973.422913,36465071,11536_NSE
987.786743,41352416,11536_NSE
993.086548,74090904,11536_NSE
998.485352,68099673,11536_NSE
1004.676697,53681942,11536_NSE
1006.013977,96769682,11536_NSE
986.697083,107101485,11536_NSE
1009.67926,164881636,11536_NSE
1022.26001,183775663,11536_NSE
1002.992615,102662028,11536_NSE
995.01825,60004726,11536_NSE
969.75769,46489234,11536_NSE
956.780701,33767402,11536_NSE
936.076904,92385808,11536_NSE
963.318726,62287469,11536_NSE
951.579956,87287122,11536_NSE
962.179504,51448964,11536_NSE
980.802979,37558616,11536_NSE
955.443359,50711532,11536_NSE
968.370789,94396457,11536_NSE
987.737244,112105164,11536_NSE
1016.068665,58396723,11536_NSE
1029.045654,91661948,11536_NSE
1072.186768,77915080,11536_NSE
1089.4729,91256070,11536_NSE
1066.094482,61698686,11536_NSE
1082.092896,165689515,11536_NSE
1082.291016,96049701,11536_NSE
1094.475464,70532358,11536_NSE
1118.052002,0,11536_NSE
1109.780396,66787678,11536_NSE
1100.518188,0,11536_NSE
1104.678711,0,11536_NSE
1100.220947,48168329,11536_NSE
1119.240723,130531268,11536_NSE
1140.588379,96266858,11536_NSE
1174.863525,90690555,11536_NSE
1181.153809,60709843,11536_NSE
1157.37915,89004996,11536_NSE
1165.898438,124961427,11536_NSE
1181.401489,93056024,11536_NSE
1173.080322,93742398,11536_NSE
1206.265747,77200915,11536_NSE
1206.513428,99288326,11536_NSE
1192.892578,169563456,11536_NSE
1176.547485,196689447,11536_NSE
1199.232422,168255985,11536_NSE
1189.524536,99347786,11536_NSE
1192.446777,104877556,11536_NSE
1223.304321,134919020,11536_NSE
1235.48877,0,11536_NSE
1257.529907,240126837,11536_NSE
1265.504272,238437401,11536_NSE
1279.372803,154616402,11536_NSE
1306.614624,232378309,11536_NSE
1282.047485,273537480,11536_NSE
1262.48291,236429337,11536_NSE
1229.990967,178159935,11536_NSE
1217.608276,224932896,11536_NSE
1230.288086,169652646,11536_NSE
1215.478516,205554141,11536_NSE
1249.55542,209563806,11536_NSE
1266.593994,149062073,11536_NSE
1244.057617,117128879,11536_NSE
1226.078003,116194324,11536_NSE
1240.739014,93437989,11536_NSE
1241.382935,66634504,11536_NSE
1214.388794,107895792,11536_NSE
1205.720947,115733510,11536_NSE
1199.381104,134011611,11536_NSE
1206.067627,96606168,11536_NSE
1220.481079,92476290,11536_NSE
1219.044678,110468078,11536_NSE
1239.649414,236874640,11536_NSE
1241.977295,118826717,11536_NSE
1246.137817,128925205,11536_NSE
1220.134399,76201084,11536_NSE
1193.78418,154672631,11536_NSE
1111.712036,135154921,11536_NSE
1039.001343,289382249,11536_NSE
1098.982788,192706927,11536_NSE
1079.814453,0,11536_NSE
1091.751343,177189187,11536_NSE
1077.585571,261983518,11536_NSE
1115.97168,201395180,11536_NSE
1129.047729,128335130,11536_NSE
1152.871948,313375609,11536_NSE
1140.489258,219187261,11536_NSE
1090.95874,213835224,11536_NSE
1052.671753,163907657,11536_NSE
1044.796387,198537228,11536_NSE
1035.93042,137281258,11536_NSE
1021.120789,0,11536_NSE
1035.088379,147047546,11536_NSE
1077.585571,192649406,11536_NSE
1047.074829,103143524,11536_NSE
1051.284912,0,11536_NSE
1046.331787,1682973,11536_NSE
1064.806641,221157193,11536_NSE
1080.062134,170677683,11536_NSE
1093.732544,134512496,11536_NSE
1100.270508,90238789,11536_NSE
1083.182495,81928622,11536_NSE
1069.858765,0,11536_NSE
1089.126221,162871633,11536_NSE
1087.640259,158776656,11536_NSE
1086.550537,130626921,11536_NSE
1116.813721,0,11536_NSE
1139.201538,87594762,11536_NSE
1126.719849,0,11536_NSE
1102.449829,166353914,11536_NSE
1092.494263,0,11536_NSE
1099.329468,187957245,11536_NSE
1117.606201,335363489,11536_NSE
1141.82666,176703814,11536_NSE
1157.527832,129634199,11536_NSE
1156.58667,111922260,11536_NSE
1145.590942,80058867,11536_NSE
1141.479858,72225026,11536_NSE
1144.303101,156895914,11536_NSE
1113.098877,0,11536_NSE
1123.153687,75386742,11536_NSE
1080.012573,118988293,11536_NSE
1087.244019,91628341,11536_NSE
1100.072388,63786246,11536_NSE
1096.654785,45863612,11536_NSE
1101.75647,39354047,11536_NSE
1119.290283,126209439,11536_NSE
1125.729248,76733637,11536_NSE
1126.125488,165133694,11536_NSE
1117.853882,90367403,11536_NSE
1089.869141,53703916,11536_NSE
1078.922852,74370107,11536_NSE
1088.036499,29821721,11536_NSE
1109.681274,70805745,11536_NSE
1114.981079,113627855,11536_NSE
1110.721436,153828559,11536_NSE
1110.473877,65782676,11536_NSE
1096.010864,156083511,11536_NSE
1082.489136,66947315,11536_NSE
1088.33374,234118157,11536_NSE
1094.376465,221407312,11536_NSE
1094.277344,151272430,11536_NSE
1100.320068,166724246,11536_NSE
1097.100586,80650881,11536_NSE
1087.739258,274340835,11536_NSE
1086.501099,125271006,11536_NSE
1119.042603,149579115,11536_NSE
1125.233887,141353615,11536_NSE
1123.797485,130881564,11536_NSE
1173.229004,189593038,11536_NSE
1226.078003,142896340,11536_NSE
1223.552002,124350024,11536_NSE
1214.785034,125526942,11536_NSE
1235.73645,110319429,11536_NSE
1234.300049,267424745,11536_NSE
1218.004517,328897226,11536_NSE
1199.281982,172718708,11536_NSE
1184.472412,141400795,11536_NSE
1215.627075,324707889,11536_NSE
1238.213013,542755717,11536_NSE
1278.778442,184302400,11536_NSE
1279.422363,186190898,11536_NSE
1297.946777,204046316,11536_NSE
1278.283203,162740433,11536_NSE
1265.702393,104271323,11536_NSE
1241.481934,143024955,11536_NSE
1244.602417,126976600,11536_NSE
1212.704712,142565433,11536_NSE
1232.764648,99260535,11536_NSE
1208.643311,159327306,11536_NSE
1204.680786,111824022,11536_NSE
1222.759521,146297188,11536_NSE
1235.19165,124709369,11536_NSE
1220.778198,136227784,11536_NSE
1220.72876,90335734,11536_NSE
1208.79187,0,11536_NSE
1212.011353,51955020,11536_NSE
1219.490479,75631690,11536_NSE
1214.537354,187489967,11536_NSE
1226.028442,151410092,11536_NSE
1252.923584,139728162,11536_NSE
1258.322388,71441707,11536_NSE
1255.201904,111274018,11536_NSE
1291.854492,62978367,11536_NSE
1318.848633,113088838,11536_NSE
1334.648804,139709419,11536_NSE
1328.952881,96018678,11536_NSE
1309.239746,122524218,11536_NSE
1337.373047,19620471,11536_NSE
1363.624146,224747407,11536_NSE
1362.534546,88481490,11536_NSE
1329.151001,130011640,11536_NSE
1312.013428,162823806,11536_NSE
1354.411499,78531007,11536_NSE
1336.580566,68758902,11536_NSE
1347.229614,0,11536_NSE
1378.780518,59751375,11536_NSE
1376.650757,80086658,11536_NSE
1362.286865,73177031,11536_NSE
1340.344849,61511905,11536_NSE
1341.18689,125427412,11536_NSE
1316.768311,133083519,11536_NSE
1321.919556,127877547,11536_NSE
1318.898193,82197484,11536_NSE
1334.153564,99785979,11536_NSE
1330.488281,135990591,11536_NSE
1327.56604,127567968,11536_NSE
1331.132202,140993624,11536_NSE
1372.935913,124441153,11536_NSE
1332.717163,123572522,11536_NSE
1351.043457,109319598,11536_NSE
1376.452637,61316075,11536_NSE
1359.513184,71614270,11536_NSE
1379.721558,64398941,11536_NSE
1379.721558,138016751,11536_NSE
1391.856567,64671035,11536_NSE
1395.62085,39190532,11536_NSE
1371.895752,109285990,11536_NSE
1330.884521,8979090,11536_NSE
1287.248169,74060527,11536_NSE
1244.651978,67828226,11536_NSE
1239.401733,78770785,11536_NSE
1220.481079,62917614,11536_NSE
1248.61438,50548018,11536_NSE
1245.097778,130426567,11536_NSE
1253.468384,117630410,11536_NSE
1255.499146,111244935,11536_NSE
1313.449829,91759540,11536_NSE
1327.219238,111330893,11536_NSE
1327.813599,0,11536_NSE
1321.374634,0,11536_NSE
1324.296997,0,11536_NSE
1298.343018,0,11536_NSE
1311.319946,0,11536_NSE
1300.720459,263898515,11536_NSE
1317.263672,388987264,11536_NSE
1317.659912,378964394,11536_NSE
1347.427734,382903612,11536_NSE
1338.958008,188008949,11536_NSE
1314.88623,209188304,11536_NSE
1302.553101,193536780,11536_NSE
1306.763184,121166981,11536_NSE
1316.669312,227175568,11536_NSE
1319.641113,151165143,11536_NSE
1314.787109,181088334,11536_NSE
1305.178223,208081833,11536_NSE
1270.259155,80476056,11536_NSE
1268.971436,95771144,11536_NSE
1265.355713,110051536,11536_NSE
1284.573486,39379899,11536_NSE
1267.485474,0,11536_NSE
1250.546021,63871881,11536_NSE
1283.682007,66839059,11536_NSE
1281.997925,44263366,11536_NSE
1262.185791,46326688,11536_NSE
1241.333374,23556781,11536_NSE
1256.935547,28233108,11536_NSE
1266.494873,28375294,11536_NSE
1270.506836,70267697,11536_NSE
1271.943237,71084624,11536_NSE
1251.487183,0,11536_NSE
1240.293213,54609387,11536_NSE
1268.079834,44001290,11536_NSE
1266.841553,74454772,11536_NSE
1269.516235,61179059,11536_NSE
1268.476074,46406184,11536_NSE
1264.117432,61937495,11536_NSE
1280.858765,102240962,11536_NSE
1269.813477,89260609,11536_NSE
1250.001221,83471994,11536_NSE
1237.271851,86068194,11536_NSE
1268.476074,48043593,11536_NSE
1261.591431,49981533,11536_NSE
1247.2771,48764221,11536_NSE
1219.936279,169782553,11536_NSE
1202.402466,120003312,11536_NSE
1199.579224,63439827,11536_NSE
1169.811401,113951329,11536_NSE
1155.29895,51829960,11536_NSE
1169.16748,70964089,11536_NSE
1173.229004,87278720,11536_NSE
1132.613892,82031708,11536_NSE
1117.705322,64977706,11536_NSE
1098.982788,34215936,11536_NSE
1141.529419,62699164,11536_NSE
1151.187866,58791615,11536_NSE
1262.780151,41875922,11536_NSE
1276.15332,38947522,11536_NSE
1265.999634,33572218,11536_NSE
1280.462524,0,11536_NSE
1263.968872,44482462,11536_NSE
1259.015747,37732149,11536_NSE
1235.042969,32986021,11536_NSE
1263.869751,28428938,11536_NSE
1254.904785,39668150,11536_NSE
1262.87915,21212639,11536_NSE
1251.437622,42347077,11536_NSE
1230.089966,31686952,11536_NSE
1236.826172,46454980,11536_NSE
1195.071899,52064568,11536_NSE
1189.871216,48135691,11536_NSE
1187.345215,54097838,11536_NSE
1211.020752,39297818,11536_NSE
1210.723511,46199044,11536_NSE
1222.80896,31998470,11536_NSE
1198.984863,22360474,11536_NSE
1214.091675,39251284,11536_NSE
1199.381104,34932686,11536_NSE
1186.205933,19731312,11536_NSE
1194.37854,22266114,11536_NSE
1167.97876,23016795,11536_NSE
1242.571655,0,11536_NSE
1227.563965,32588222,11536_NSE
1266.692993,40244975,11536_NSE
1267.535034,21515432,11536_NSE
1284.623047,38429510,11536_NSE
1296.758057,31254898,11536_NSE
1319.740234,39880784,11536_NSE
1292.646973,35295909,11536_NSE
1298.739258,27056513,11536_NSE
1295.816895,20338191,11536_NSE
1297.798218,24960552,11536_NSE
1312.310547,19836983,11536_NSE
1349.953735,26813826,11536_NSE
1339.899048,42329626,11536_NSE
1345.248413,20602529,11536_NSE
1351.340698,0,11536_NSE
1359.463623,32288660,11536_NSE
1383.386841,15337420,11536_NSE
1403.050537,40204905,11536_NSE
1400.871094,31497908,11536_NSE
1379.325317,22721434,11536_NSE
1422.961792,30897169,11536_NSE
1417.760986,38617584,11536_NSE
1420.782349,30276718,11536_NSE
1453.274414,43903051,11536_NSE
1465.211304,57045950,11536_NSE
1450.599731,45877185,11536_NSE
1443.219727,40080491,11536_NSE
1443.962646,54692114,11536_NSE
1433.709839,38178744,11536_NSE
1421.42627,122158087,11536_NSE
1444.903809,82389437,11536_NSE
1431.926758,91628987,11536_NSE
1414.392944,70460296,11536_NSE
1458.475098,0,11536_NSE
1449.014771,77603238,11536_NSE
1457.038696,54356359,11536_NSE
1445.498169,42219109,11536_NSE
1495.573486,41423186,11536_NSE
1533.117554,48950033,11536_NSE
1523.161987,11366534,11536_NSE
1531.978394,57124476,11536_NSE
1546.887085,57755268,11536_NSE
1545.599243,44692834,11536_NSE
1555.109131,39344675,11536_NSE
1565.460938,37226416,11536_NSE
1536.584717,51903315,11536_NSE
1571.602783,55698408,11536_NSE
1564.074097,37871427,11536_NSE
1538.120117,45699774,11536_NSE
1536.287476,36362955,11536_NSE
1540.299561,55826053,11536_NSE
1557.833252,0,11536_NSE
1547.283325,70544961,11536_NSE
1547.729126,45875892,11536_NSE
1553.474609,56907641,11536_NSE
1568.036621,0,11536_NSE
1551.889648,41578622,11536_NSE
1548.026245,28431523,11536_NSE
1561.052734,43807722,11536_NSE
1594.832642,47068321,11536_NSE
1584.084473,35773204,11536_NSE
1556.644531,74955334,11536_NSE
1531.928833,60088422,11536_NSE
1501.17041,65771366,11536_NSE
1527.86731,79607748,11536_NSE
1529.699951,68889779,11536_NSE
1499.83313,54496930,11536_NSE
1495.424927,46328304,11536_NSE
1520.883545,0,11536_NSE
1522.716187,35184745,11536_NSE
1487.400879,17765581,11536_NSE
1510.284058,31499524,11536_NSE
1498.941528,0,11536_NSE
1533.464233,24433168,11536_NSE
1533.117554,11576905,11536_NSE
1529.204712,45570514,11536_NSE
1515.03894,58904718,11536_NSE
1509.541016,79880811,11536_NSE
1523.459106,53627006,11536_NSE
1566.154419,26547872,11536_NSE
1517.961304,28634785,11536_NSE
1519.496704,38843790,11536_NSE
1518.951904,55308364,11536_NSE
1512.512939,28766954,11536_NSE
1507.262695,37096833,11536_NSE
1492.403564,22599929,11536_NSE
1457.930298,58450690,11536_NSE
1465.954224,76581756,11536_NSE
1430.193237,100246793,11536_NSE
1398.394653,112734017,11536_NSE
1372.490112,141774035,11536_NSE
1413.006104,67742268,11536_NSE
1434.89856,38467965,11536_NSE
1444.111328,51862598,11536_NSE
1420.187988,51721704,11536_NSE
1422.119751,46727720,11536_NSE
1439.108643,44244946,11536_NSE
1456.493896,45657118,11536_NSE
1460.307739,33712143,11536_NSE
1473.63147,28059575,11536_NSE
1464.369263,49325212,11536_NSE
1453.621094,37637142,11536_NSE
1489.679321,37720192,11536_NSE
1471.996948,32624738,11536_NSE
1431.381958,33106557,11536_NSE
1403.099976,41388609,11536_NSE
1378.929077,26072839,11536_NSE
1373.233154,31873410,11536_NSE
1316.17395,29194807,11536_NSE
1303.791382,18196666,11536_NSE
1330.240601,36594978,11536_NSE
1327.120239,25963937,11536_NSE
1298.838257,31365093,11536_NSE
1259.065308,22401837,11536_NSE
1103.68811,19499290,11536_NSE
1142.71814,31241972,11536_NSE
1053.018433,22558889,11536_NSE
1094.921265,29236170,11536_NSE
1006.162598,40599150,11536_NSE
998.534912,38334503,11536_NSE
959.405762,23095967,11536_NSE
909.082825,27955520,11536_NSE
1008.391479,22177570,11536_NSE
875.748779,26383388,11536_NSE
934.541504,20540484,11536_NSE
1072.087646,36767541,11536_NSE
1056.188354,31057776,11536_NSE
1055.593994,35427755,11536_NSE
1020.774109,32542657,11536_NSE
1103.29187,25411994,11536_NSE
1070.304565,33766756,11536_NSE
1067.332764,36141920,11536_NSE
1194.77478,22073192,11536_NSE
1180.955688,15117031,11536_NSE
1208.494629,14363118,11536_NSE
1177.983887,20521741,11536_NSE
1139.052856,27919328,11536_NSE
1157.082031,32125145,11536_NSE
1212.506592,29513434,11536_NSE
1232.120728,26473870,11536_NSE
1225.731323,39884338,11536_NSE
1350.795776,32270887,11536_NSE
1358.027222,26554012,11536_NSE
1403.694336,34926547,11536_NSE
1416.324707,26602162,11536_NSE
1414.739624,48742893,11536_NSE
1413.550903,96948385,11536_NSE
1452.234253,72410839,11536_NSE
1421.723511,95917532,11536_NSE
1446.934448,39605782,11536_NSE
1447.033569,51307747,11536_NSE
1492.799805,0,11536_NSE
1547.134766,47515563,11536_NSE
1561.993896,56811665,11536_NSE
1465.359863,30541380,11536_NSE
1496.449951,46650809,11536_NSE
1435.949951,29187051,11536_NSE
1459.400024,56199939,11536_NSE
1440.75,94956156,11536_NSE
1408.900024,71706045,11536_NSE
1433.699951,45705914,11536_NSE
1441.25,76517449,11536_NSE
1431.550049,88129255,11536_NSE
1424.050049,54573194,11536_NSE
1445.550049,81112988,11536_NSE
1472.25,57282174,11536_NSE
1464.400024,39448730,11536_NSE
1520.349976,59074696,11536_NSE
1535.699951,35895355,11536_NSE
1541.650024,63995648,11536_NSE
1579.800049,58400278,11536_NSE
1581.699951,39147553,11536_NSE
1569.5,50750311,11536_NSE
1537.150024,57507087,11536_NSE
1572.150024,36591100,11536_NSE
1537.699951,55757544,11536_NSE
1588.800049,51684865,11536_NSE
1614.550049,0,11536_NSE
1617.699951,0,11536_NSE
1615.349976,38269873,11536_NSE
1655.900024,49407293,11536_NSE
1759.400024,46157680,11536_NSE
1746.150024,76594359,11536_NSE
1720.900024,78273455,11536_NSE
1727.849976,48144739,11536_NSE
1717.900024,62513352,11536_NSE
1741.650024,57160346,11536_NSE
1723.150024,38702896,11536_NSE
1704.099976,36804380,11536_NSE
1737.599976,13743637,11536_NSE
1760.349976,50698606,11536_NSE
1787.900024,0,11536_NSE
1851.800049,48566129,11536_NSE
1823.449951,67997880,11536_NSE
1798,45053794,11536_NSE
1824.25,52781318,11536_NSE
1878.050049,42718701,11536_NSE
1935,38848961,11536_NSE
1917,47214386,11536_NSE
1844,47360127,11536_NSE
1843.400024,45761173,11536_NSE
1911.699951,0,11536_NSE
1919.900024,45298743,11536_NSE
1971.550049,113284991,11536_NSE
2004,92722209,11536_NSE
2057.800049,57943665,11536_NSE
2146.149902,52244887,11536_NSE
2156.199951,128021026,11536_NSE
2177.699951,120056309,11536_NSE
2096.649902,61742312,11536_NSE
2108.850098,69072683,11536_NSE
2067.100098,42323810,11536_NSE
2009,122449570,11536_NSE
2150.600098,69651124,11536_NSE
2126.449951,43784132,11536_NSE
2134.100098,46021633,11536_NSE
2146.449951,0,11536_NSE
2119.850098,57825391,11536_NSE
2133.800049,56790983,11536_NSE
2127.600098,36558785,11536_NSE
2122.050049,44617540,11536_NSE
2113.800049,65119892,11536_NSE
2091.350098,32508403,11536_NSE
2118.550049,33811674,11536_NSE
2131.550049,43666828,11536_NSE
2097.050049,35002810,11536_NSE
2081.850098,75088473,11536_NSE
2095.75,51304516,11536_NSE
2082.100098,36491893,11536_NSE
2137.300049,30957599,11536_NSE
2110.600098,63813390,11536_NSE
2116.149902,27831753,11536_NSE
2080.699951,39557955,11536_NSE
2087.25,29786174,11536_NSE
2128.199951,38727132,11536_NSE
2112.100098,58902779,11536_NSE
2077.25,42063349,11536_NSE
2082.649902,28707494,11536_NSE
2107.100098,0,11536_NSE
2161.350098,55481573,11536_NSE
2314,37313021,11536_NSE
2319.75,56125937,11536_NSE
2302.550049,34059208,11536_NSE
2318.850098,42506713,11536_NSE
2324.550049,58409003,11536_NSE
2298.75,39928933,11536_NSE
2305.699951,45933736,11536_NSE
2255.850098,109573918,11536_NSE
2211.149902,115319230,11536_NSE
2230.800049,107614973,11536_NSE
2181.199951,64093240,11536_NSE
2201.699951,80962722,11536_NSE
2216.25,55017527,11536_NSE
2245.050049,50284649,11536_NSE
2234.350098,92937428,11536_NSE
2225.25,64407343,11536_NSE
2212.199951,0,11536_NSE
2210.350098,55429869,11536_NSE
2257.5,57295746,11536_NSE
2239.25,52893452,11536_NSE
2233.449951,0,11536_NSE
2237.050049,44304729,11536_NSE
2280.699951,30859361,11536_NSE
2287.5,23217149,11536_NSE
2206.5,21378093,11536_NSE
2175.800049,36072119,11536_NSE
2176.199951,30625399,11536_NSE
2155.899902,30454452,11536_NSE
2124.600098,26564353,11536_NSE
2106.949951,22559212,11536_NSE
2113.050049,34727485,11536_NSE
2029.099976,33699863,11536_NSE
2034.5,28885551,11536_NSE
2011.449951,21083379,11536_NSE
2026.900024,19089533,11536_NSE
2054.5,30900078,11536_NSE
1877.449951,43668767,11536_NSE
1850.400024,71578400,11536_NSE
1913.199951,105269539,11536_NSE
1955,83421583,11536_NSE
2029.150024,74438938,11536_NSE
2050.699951,109138633,11536_NSE
2084.550049,90486969,11536_NSE
1997.199951,55732015,11536_NSE
1980,81680765,11536_NSE
1996.400024,0,11536_NSE
2002.300049,107405571,11536_NSE
1993.25,60704026,11536_NSE
1987.199951,80832169,11536_NSE
1973.150024,61038488,11536_NSE
1899.5,61605296,11536_NSE
1950.699951,51275432,11536_NSE
1964.050049,32040803,11536_NSE
1947.800049,43867828,11536_NSE
1952.599976,37768342,11536_NSE
1929.800049,40950739,11536_NSE
1954.900024,37121392,11536_NSE
1958.150024,27683750,11536_NSE
1964.050049,49869076,11536_NSE
1946.75,24431552,11536_NSE
1958.199951,37777713,11536_NSE
1993.75,52798122,11536_NSE
2026.949951,21730975,11536_NSE
2007,26961829,11536_NSE
2005.800049,0,11536_NSE
1991.300049,47688126,11536_NSE
1974.349976,30218215,11536_NSE
1976.550049,30644633,11536_NSE
1985.599976,0,11536_NSE
1991.550049,29788714,11536_NSE
1939.699951,38073720,11536_NSE
1936.699951,26050361,11536_NSE
1943.849976,27271241,11536_NSE
1994.150024,21265759,11536_NSE
2003.300049,15709497,11536_NSE
1990.050049,24487238,11536_NSE
1995.5,0,11536_NSE
1985.300049,17694158,11536_NSE
1987.5,17437376,11536_NSE
1990.849976,49826705,11536_NSE
1966.099976,39585042,11536_NSE
1914.25,25679286,11536_NSE
1911.150024,51123822,11536_NSE
1933.699951,37617572,11536_NSE
1897.25,42726573,11536_NSE
1957.050049,0,11536_NSE
1938.800049,25604715,11536_NSE
1960.599976,69993109,11536_NSE
1937.449951,54145878,11536_NSE
1983.949951,32039736,11536_NSE
2016.400024,48061625,11536_NSE
2054.699951,74177812,11536_NSE
2099.399902,59924513,11536_NSE
2049.600098,61519389,11536_NSE
1941,41500426,11536_NSE
1895,92505949,11536_NSE
1876.550049,110390580,11536_NSE
1841.949951,92395948,11536_NSE
1895.300049,140338434,11536_NSE
1925.800049,126687722,11536_NSE
1930.650024,114809820,11536_NSE
1924.300049,103053520,11536_NSE
1923.75,87652710,11536_NSE
1951.449951,77660191,11536_NSE
1956.150024,68587781,11536_NSE
1974.300049,85920281,11536_NSE
2055.699951,96199720,11536_NSE
2041.599976,64044302,11536_NSE
2032.599976,86329669,11536_NSE
2059.5,65407924,11536_NSE
2083.25,87343111,11536_NSE
2067.699951,85653274,11536_NSE
2080.300049,90667843,11536_NSE
2008.099976,80116330,11536_NSE
2023.449951,58883034,11536_NSE
2061,72638551,11536_NSE
2144.350098,80551421,11536_NSE
2085.800049,102106343,11536_NSE
2101.699951,68743320,11536_NSE
2106,58982714,11536_NSE
2202.100098,74449822,11536_NSE
2175.850098,77963682,11536_NSE
2178.699951,80149977,11536_NSE
2191.100098,56036114,11536_NSE
2191.050049,70546797,11536_NSE
2181.949951,65159000,11536_NSE
2137.600098,72888747,11536_NSE
2108.899902,75957815,11536_NSE
2100.600098,62348861,11536_NSE
2055.350098,49741212,11536_NSE
2009.099976,64040980,11536_NSE
2082,67294599,11536_NSE
2062.399902,50754938,11536_NSE
2087.5,93959252,11536_NSE
2047.300049,58190268,11536_NSE
1991.449951,49203268,11536_NSE
1994.650024,50383346,11536_NSE
2029.300049,78778243,11536_NSE
2003.099976,83545654,11536_NSE
2021.849976,63359330,11536_NSE
1992.599976,126996933,11536_NSE
1984.300049,82908631,11536_NSE
2002.849976,85365449,11536_NSE
2005.349976,62420200,11536_NSE
1982.050049,48315699,11536_NSE
1911.150024,59620518,11536_NSE
1931.800049,53163167,11536_NSE
1944.300049,38016373,11536_NSE
1932.099976,41218496,11536_NSE
1901.699951,29605636,11536_NSE
1901.150024,46229678,11536_NSE
1906.400024,53146964,11536_NSE
1904.349976,65359962,11536_NSE
1937.849976,49750053,11536_NSE
1988.650024,36031150,11536_NSE
1997.300049,49658918,11536_NSE
2024.050049,43411396,11536_NSE
1994.5,55143298,11536_NSE
1959.050049,27336284,11536_NSE
1916.599976,30439393,11536_NSE
1920.099976,36118931,11536_NSE
1931,27924310,11536_NSE
1931.75,23473944,11536_NSE
1926.199951,22520292,11536_NSE
1933.150024,34708251,11536_NSE
1913.150024,29479077,11536_NSE
1937.300049,47949336,11536_NSE
1960.349976,36647995,11536_NSE
1987.949951,19478272,11536_NSE
1997.050049,91464490,11536_NSE
1985.400024,57085316,11536_NSE
2002.550049,36823498,11536_NSE
1985.650024,22005905,11536_NSE
1963.150024,28975232,11536_NSE
1970.050049,59055397,11536_NSE
1976.099976,61910293,11536_NSE
2094.800049,49769772,11536_NSE
2160.300049,28328192,11536_NSE
2168.899902,33092474,11536_NSE
2201.25,27399125,11536_NSE
2209.649902,29312854,11536_NSE
2190.5,69982005,11536_NSE
2227.399902,119553104,11536_NSE
2214.600098,67834650,11536_NSE
2175,0,11536_NSE
2183,55685378,11536_NSE
2213.149902,42742272,11536_NSE
2244.899902,26100844,11536_NSE
2250,37927746,11536_NSE
2211.600098,31472166,11536_NSE
2215.649902,36204482,11536_NSE
2225.649902,25335000,11536_NSE
2237.25,78913599,11536_NSE
2225.75,110609140,11536_NSE
2205.350098,92157275,11536_NSE
2153.5,110953743,11536_NSE
2104.449951,125101920,11536_NSE
2086,103600105,11536_NSE
2087.800049,97175974,11536_NSE
2110.649902,48998008,11536_NSE
2097.949951,70845861,11536_NSE
2129.050049,139028442,11536_NSE
2150.199951,127104090,11536_NSE
2124.800049,83832515,11536_NSE
2110.050049,71331622,11536_NSE
2092.600098,77769028,11536_NSE
2071.199951,92977893,11536_NSE
2084.100098,43732608,11536_NSE
2099.699951,38200079,11536_NSE
2086,57002531,11536_NSE
2082.350098,0,11536_NSE
2112.399902,108640378,11536_NSE
2098.949951,138106975,11536_NSE
2093.800049,69935885,11536_NSE
2120.699951,46882018,11536_NSE
2105.699951,51686720,11536_NSE
2076.850098,43197993,11536_NSE
2055,35151596,11536_NSE
2037.349976,50506325,11536_NSE
2053.25,52783186,11536_NSE
2035.300049,59544073,11536_NSE
2072.5,81152192,11536_NSE
2087.75,56690121,11536_NSE
2103.75,60495600,11536_NSE
2134.25,0,11536_NSE
2089.050049,39960195,11536_NSE
2077.149902,47078526,11536_NSE
2088.050049,68880659,11536_NSE
2117.300049,36526968,11536_NSE
2110.5,28289666,11536_NSE
2145.649902,37171784,11536_NSE
2173.5,56799553,11536_NSE
2164.25,35317773,11536_NSE
2172.649902,25473639,11536_NSE
2148.25,34062103,11536_NSE
2162.350098,0,11536_NSE
2183.699951,40888790,11536_NSE
2202.600098,25735993,11536_NSE
2230.449951,32692031,11536_NSE
2227.399902,24172217,11536_NSE
2270.25,29500961,11536_NSE
2258.149902,27330183,11536_NSE
2267.100098,27340718,11536_NSE
2294.399902,45241106,11536_NSE
2388.5,25041423,11536_NSE
2425.600098,53348152,11536_NSE
2440.899902,129343498,11536_NSE
2431.350098,46309807,11536_NSE
2425.600098,57451744,11536_NSE
2371.550049,27760182,11536_NSE
2368.449951,45405163,11536_NSE
2378.300049,28525734,11536_NSE
2428.199951,13962914,11536_NSE
2390.550049,26565516,11536_NSE
2394.350098,14949264,11536_NSE
2404.699951,25172701,11536_NSE
2430.5,64344219,11536_NSE
2489.899902,22268149,11536_NSE
2482.699951,19398098,11536_NSE
2524.449951,17973652,11536_NSE
2548.050049,26258981,11536_NSE
2527.850098,28799108,11536_NSE
2519.25,23124243,11536_NSE
2523.699951,0,11536_NSE
2556.149902,28802010,11536_NSE
2609.199951,61320457,11536_NSE
2559.850098,173426953,11536_NSE
2572.399902,101355113,11536_NSE
2671.25,128426756,11536_NSE
2652.649902,86714866,11536_NSE
2667.800049,81074352,11536_NSE
2694.949951,78264129,11536_NSE
2700.399902,110363002,11536_NSE
2707.600098,86996234,11536_NSE
2731.850098,69343031,11536_NSE
2700.399902,65168824,11536_NSE
2622.5,74204601,11536_NSE
2627.399902,99716250,11536_NSE
2601.800049,110757441,11536_NSE
2661.050049,85074833,11536_NSE
2627.399902,63033619,11536_NSE
2598.600098,0,11536_NSE
2536.25,97039553,11536_NSE
2537.800049,75838844,11536_NSE
2500.800049,65866896,11536_NSE
2483.600098,69204877,11536_NSE
2498.850098,64312647,11536_NSE
2501.949951,43764594,11536_NSE
2521.699951,45932185,11536_NSE
2549.899902,52955762,11536_NSE
2554.550049,41561566,11536_NSE
2593.100098,73916538,11536_NSE
2577.800049,69752781,11536_NSE
2517.899902,52710076,11536_NSE
2464,33138542,11536_NSE
2473.300049,52507848,11536_NSE
2363.75,50905372,11536_NSE
2385.850098,49576753,11536_NSE
2351.399902,32513360,11536_NSE
2492.949951,19029776,11536_NSE
2412.600098,46483688,11536_NSE
2441.5,31227592,11536_NSE
2405.399902,36605791,11536_NSE
2467,25284007,11536_NSE
2482.850098,32483223,11536_NSE
2408.25,64437118,11536_NSE
2362.600098,69580276,11536_NSE
2381.850098,81022150,11536_NSE
2418.100098,29967630,11536_NSE
2456.449951,67414030,11536_NSE
2458.949951,61789492,11536_NSE
2409.649902,46898188,11536_NSE
2380.149902,35842630,11536_NSE
2373.199951,42637713,11536_NSE
2403.899902,69577129,11536_NSE
2340.449951,65317454,11536_NSE
2277.350098,36911809,11536_NSE
2311.25,68277374,11536_NSE
2366.100098,0,11536_NSE
2365.25,0,11536_NSE
2372.800049,44194444,11536_NSE
2370.25,31873171,11536_NSE
2398.399902,27701407,11536_NSE
2402.5,17048508,11536_NSE
2359.100098,26767719,11536_NSE
2368.149902,45414179,11536_NSE
2403.850098,66425961,11536_NSE
2458.100098,110959424,11536_NSE
2469.600098,127348768,11536_NSE
2416.5,138005247,11536_NSE
2436,87447974,11536_NSE
2438,162780343,11536_NSE
2455.550049,104953613,11536_NSE
2521.100098,75527920,11536_NSE
2535.300049,142902280,11536_NSE
2539,63076282,11536_NSE
2552.25,111576934,11536_NSE
2521.800049,1455558,11536_NSE
2521.600098,0,11536_NSE
2477.449951,102966877,11536_NSE
2477.850098,56718132,11536_NSE
2377.899902,105306863,11536_NSE
2373.25,125305202,11536_NSE
2338.100098,0,11536_NSE
2335.850098,113867362,11536_NSE
2386.600098,102177560,11536_NSE
2378.699951,109861490,11536_NSE
2383.550049,190967027,11536_NSE
2352.75,86775050,11536_NSE
2331.300049,0,11536_NSE
2317.100098,106153132,11536_NSE
2356.050049,88932952,11536_NSE
2383.5,73208577,11536_NSE
2381.050049,72028040,11536_NSE
2376.399902,38075892,11536_NSE
2338.550049,39661312,11536_NSE
2417.949951,42996055,11536_NSE
2412.949951,41550605,11536_NSE
2443.5,26726872,11536_NSE
2424.399902,37468476,11536_NSE
2399.899902,20251729,11536_NSE
2389,50428238,11536_NSE
2374.050049,34788916,11536_NSE
2255.75,51491827,11536_NSE
2283.949951,20150110,11536_NSE
2359.550049,26946906,11536_NSE
2398.550049,26123367,11536_NSE
2378.300049,16915486,11536_NSE
2325.550049,22651653,11536_NSE
2239.550049,76298378,11536_NSE
2235.5,36778192,11536_NSE
2354.100098,54625965,11536_NSE
2392.25,34780062,11536_NSE
2399.149902,37785501,11536_NSE
2418.850098,70082118,11536_NSE
2363.449951,25330702,11536_NSE
2403.350098,24249864,11536_NSE
2481.699951,29732906,11536_NSE
2467.399902,79452454,11536_NSE
2531.149902,26640946,11536_NSE
2539.199951,44187341,11536_NSE
2578.649902,28979213,11536_NSE
2595.850098,39276122,11536_NSE
2621.949951,29463604,11536_NSE
2622.550049,20053533,11536_NSE
2672.949951,26810168,11536_NSE
2634.75,13386742,11536_NSE
2655.850098,123720150,11536_NSE
2663.699951,103392887,11536_NSE
2626.050049,22394715,11536_NSE
2619.050049,49353042,11536_NSE
2572.850098,11276219,11536_NSE
2615.649902,49235492,11536_NSE
2610.199951,41011640,11536_NSE
2561.050049,63681797,11536_NSE
2551.649902,34776081,11536_NSE
2543.850098,87640747,11536_NSE
2640.800049,92609170,11536_NSE
2718.449951,51505270,11536_NSE
2782.100098,60875833,11536_NSE
2758.800049,78466835,11536_NSE
2695,32654403,11536_NSE
2775.649902,38426343,11536_NSE
2778.350098,41386508,11536_NSE
2819.850098,39756325,11536_NSE
2790.25,24046155,11536_NSE
2780.449951,27002908,11536_NSE
2693.649902,57529714,11536_NSE
2640.899902,66342633,11536_NSE
2620.649902,38884488,11536_NSE
2518.300049,42688021,11536_NSE
2474.649902,25082250,11536_NSE
2449.300049,55675794,11536_NSE
2399.399902,38682538,11536_NSE
2426.600098,12968286,11536_NSE
2427.199951,24125696,11536_NSE
2529.149902,9412423,11536_NSE
2538.350098,21545647,11536_NSE
2479.850098,21145379,11536_NSE
2624.449951,15971987,11536_NSE
2606.899902,14558586,11536_NSE
2615.850098,15479064,11536_NSE
2612,10987386,11536_NSE
2587.100098,12610712,11536_NSE
2575.100098,17141782,11536_NSE
2664.800049,0,11536_NSE
2632.649902,31149803,11536_NSE
2633.5,39757992,11536_NSE
2724.300049,11853252,11536_NSE
2779.5,9360408,11536_NSE
2767.550049,18410146,11536_NSE
2772.75,35053972,11536_NSE
2724.050049,21329032,11536_NSE
2798.75,10697959,11536_NSE
2714.25,7696288,11536_NSE
2662.899902,13992761,11536_NSE
2628.100098,19816398,11536_NSE
2596.300049,17714510,11536_NSE
2560,0,11536_NSE
2590,50900906,11536_NSE
2543.050049,23488402,11536_NSE
2584.100098,63211236,11536_NSE
2505.600098,48790241,11536_NSE
2464.949951,38496874,11536_NSE
2500.050049,45598725,11536_NSE
2492.649902,27993820,11536_NSE
2527.699951,38251770,11536_NSE
2580.149902,27142859,11536_NSE
2595.649902,24551946,11536_NSE
2408.699951,33873654,11536_NSE
2413.699951,31450567,11536_NSE
2433.25,24745287,11536_NSE
2411.850098,22323744,11536_NSE
2388.100098,27224002,11536_NSE
2391.399902,22404881,11536_NSE
