Date,Type,open,close,low,High,Candle Mean,Moving Average Short,Moving Average Medium,Moving Average Long,EXPONENTIAL AVERAGE,RSI,Pattern
23-Apr-20,Bull,273.5,277.6,268.5,279.7,275.55,13.88,5.5520000000000005,1.3880000000000001,277.6,0,[]
24-Apr-20,Bear,273.95,270.65,269.55,276.95,272.29999999999995,27.4125,10.965,2.74125,276.9380952380953,0,['ENGULFING']
27-Apr-20,Bear,273.3,271.15,269.5,277.1,272.225,40.97,16.387999999999998,4.0969999999999995,276.3868480725624,0,[]
28-Apr-20,Bull,271.15,272.95,270.0,274.7,272.04999999999995,54.61749999999999,21.846999999999998,5.461749999999999,276.0595292085088,0,[]
29-Apr-20,Bull,274.0,287.65,272.7,293.2,280.825,69.0,27.6,6.9,277.16338356960324,0,[]
30-Apr-20,Bear,295.05,290.1,285.1,296.0,292.57500000000005,83.505,33.402,8.3505,278.3954422772601,0,[]
04-May-20,Bear,275.0,266.35,262.0,280.0,270.675,96.82249999999999,38.729,9.68225,277.2482572984734,0,[]
05-May-20,Bear,271.7,263.1,261.1,271.7,267.4,109.97749999999999,43.99099999999999,10.997749999999998,275.9008042224283,0,[]
06-May-20,Bull,261.1,270.15,261.1,273.5,265.625,123.48499999999999,49.394,12.3485,275.353108582197,0,['PIERCING']
07-May-20,Bull,271.2,282.4,268.45,284.5,276.79999999999995,137.605,55.042,13.7605,276.02424109817827,0,[]
08-May-20,Bear,285.1,285.05,280.55,286.85,285.07500000000005,151.85750000000002,60.743,15.18575,276.88383718406607,0,['Doji']
11-May-20,Bull,285.2,289.7,285.2,293.25,287.45,166.3425,66.53699999999999,16.634249999999998,278.10442411891694,0,[]
12-May-20,Bull,289.0,291.5,285.25,292.8,290.25,180.9175,72.367,18.09175,279.38019325044866,0,[]
13-May-20,Bull,297.0,309.35,262.35,311.9,303.175,196.385,78.554,19.6385,282.23446055992974,0,['Doji']
14-May-20,Bull,301.1,308.4,301.1,311.45,304.75,211.80499999999998,84.722,21.1805,284.7264166970793,0,[]
15-May-20,Bull,309.0,309.25,305.35,312.0,309.125,227.26749999999998,90.90699999999998,22.726749999999996,287.06199605926224,79.0385529508894,['Doji']
18-May-20,Bear,306.0,293.3,291.35,307.35,299.65,241.93249999999998,96.773,24.19325,287.65609167266587,71.85668968091062,[]
19-May-20,Bull,299.8,319.2,297.35,320.9,309.5,257.8925,103.15699999999998,25.789249999999996,290.6602734181262,72.17685401549625,[]
20-May-20,Bull,318.0,323.75,311.55,324.8,320.875,274.08,109.63199999999999,27.407999999999998,293.8116759497332,72.42173785839672,[]
21-May-20,Bear,319.4,317.15,315.4,322.15,318.275,289.93749999999994,115.97499999999998,28.993749999999995,296.03437347833005,64.9207368025868,['ENGULFING']
22-May-20,Bear,315.0,310.6,306.55,315.0,312.8,291.5875,122.18699999999998,30.546749999999996,297.4215760042034,64.23230846653406,[]
26-May-20,Bull,312.4,315.6,309.6,320.55,314.0,293.835,128.499,32.12475,299.1528544799936,70.90334642874048,[]
27-May-20,Bull,313.0,326.65,313.0,328.5,319.825,296.61,135.03199999999998,33.757999999999996,301.7716302438037,71.28727901165371,[]
28-May-20,Bull,329.5,331.8,327.45,334.15,330.65,299.5525,141.668,35.417,304.6314749824891,71.61475769399487,[]
29-May-20,Bear,330.0,323.8,322.05,330.0,326.9,301.36,148.144,37.036,306.45704879368066,64.4569284104301,['ENGULFING']
01-Jun-20,Bull,326.0,329.35,326.0,336.35,327.675,303.32250000000005,154.731,38.68275,308.6373298609492,64.77651540921151,[]
02-Jun-20,Bull,330.2,339.95,325.8,341.65,335.075,307.00250000000005,161.53,40.3825,311.6194889218112,65.15931496248444,[]
03-Jun-20,Bear,344.0,339.55,336.85,344.95,341.775,310.82500000000005,168.321,42.08025,314.27953759592435,57.82860071072889,[]
04-Jun-20,Bear,341.0,339.2,337.6,342.9,340.1,314.27750000000003,175.105,43.77625,316.6529149677411,57.43447329696956,[]
05-Jun-20,Bull,340.1,341.15,337.2,347.15,340.625,317.21500000000003,181.928,45.482,318.9859706850991,57.73283088518034,"['Doji', 'HARAMI']"
08-Jun-20,Bull,343.1,343.3,340.95,347.65,343.20000000000005,320.1275,188.79399999999998,47.198499999999996,321.3015925246135,64.56678366894513,['Doji']
09-Jun-20,Bull,344.5,346.05,341.3,351.35,345.275,322.94500000000005,195.71499999999997,48.928749999999994,323.65858371274555,64.77235895330496,['Doji']
10-Jun-20,Bull,346.05,346.55,340.4,349.75,346.3,325.69750000000005,202.64599999999996,50.66149999999999,325.838718597246,64.94506203367234,['Doji']
11-Jun-20,Bear,348.0,338.65,336.8,348.0,343.325,327.1625,209.41899999999995,52.35474999999999,327.0588406356035,64.6462052138179,['ENGULFING']
12-Jun-20,Bull,330.65,345.3,327.7,347.8,337.975,329.0075,216.32499999999993,54.08124999999998,328.7960939084032,71.505661900614,[]
15-Jun-20,Bear,346.5,339.75,336.85,346.85,343.125,330.5325,223.11999999999992,55.77999999999998,329.8393230599838,64.46983227824691,[]
16-Jun-20,Bear,347.0,340.8,335.9,347.0,343.9,332.9075,229.93599999999992,57.48399999999998,330.8831970542711,64.5757818427042,[]
17-Jun-20,Bull,341.0,341.3,337.55,346.45,341.15,334.0125,236.7619999999999,59.19049999999997,331.87527352529287,64.64656024565167,"['Doji', 'HARAMI']"
18-Jun-20,Bull,340.35,343.8,335.15,345.5,342.07500000000005,335.015,243.6379999999999,60.90949999999997,333.0109617609792,71.57622468427336,[]
19-Jun-20,Bull,344.4,348.9,341.5,354.9,346.65,336.6025,250.61599999999987,62.65399999999997,334.5242034980288,71.69213119883193,[]
22-Jun-20,Bear,350.0,349.6,346.7,353.9,349.8,338.55250000000007,257.6079999999999,64.40199999999997,335.9599936410737,71.74899560773538,['Doji']
23-Jun-20,Bull,350.0,355.65,346.75,357.2,352.825,340.555,264.7209999999999,66.18024999999997,337.8352323419238,78.88796680497926,[]
24-Jun-20,Bear,355.35,351.85,349.6,360.0,353.6,341.8150000000001,271.75799999999987,67.93949999999997,339.1699721188835,78.68146875937633,[]
25-Jun-20,Bear,349.8,344.0,342.2,351.5,346.9,342.42500000000007,278.63799999999986,69.65949999999997,339.62997477422795,71.57998138765382,[]
26-Jun-20,Bear,348.0,343.2,339.6,349.0,345.6,343.39500000000004,285.5019999999999,71.37549999999997,339.9699771766824,64.48173884270174,[]
29-Jun-20,Bull,341.35,342.65,339.1,344.05,342.0,344.06,292.3549999999999,73.08874999999998,340.2252174455698,57.36548013245033,[]
30-Jun-20,Bear,344.0,343.9,342.4,349.8,343.95,344.2575,299.2329999999999,74.80824999999997,340.5751967364679,57.34208537380807,['Doji']
01-Jul-20,Bear,345.9,343.8,341.3,347.05,344.85,344.46999999999997,306.10899999999987,76.52724999999997,340.88232085680426,57.28100113765642,[]
02-Jul-20,Bull,346.0,346.8,344.9,349.6,346.4,344.85,313.04499999999985,78.26124999999996,341.4459093466324,57.29425144747726,['Doji']
03-Jul-20,Bull,350.2,360.4,348.65,366.8,355.29999999999995,345.8125,320.2529999999999,80.06324999999997,343.2510608374293,64.47139489154047,[]
06-Jul-20,Bear,365.1,359.45,356.1,366.0,362.275,346.62,321.8899999999999,81.86049999999996,344.7938169481503,57.234426599388755,[]
07-Jul-20,Bear,361.0,345.95,344.25,361.0,353.475,346.6149999999999,323.3959999999999,83.59024999999995,344.9039296197551,50.185965020133416,[]
08-Jul-20,Bear,349.0,340.6,339.3,349.65,344.8,346.3175,324.7849999999999,85.29324999999996,344.4940315607308,43.16911877787461,[]
09-Jul-20,Bull,341.0,343.15,340.0,346.5,342.075,346.5424999999999,326.1889999999999,87.00899999999996,344.36602855494687,43.10203243687129,[]
10-Jul-20,Bear,341.0,334.95,332.25,342.7,337.975,346.025,327.13499999999993,88.68374999999996,343.4692639306662,36.03323483686309,['ENGULFING']
13-Jul-20,Bear,336.25,332.2,331.5,339.65,334.225,345.6474999999999,327.977,90.34474999999996,342.3960006991742,28.849138198597117,[]
14-Jul-20,Bear,332.7,320.4,319.7,333.5,326.54999999999995,344.62749999999994,329.05799999999994,91.94674999999998,340.30114348972904,29.038103073030015,[]
15-Jul-20,Bear,320.55,315.15,312.9,324.5,317.85,343.31999999999994,330.099,93.52249999999998,337.90579649070725,29.213636173155095,[]
16-Jul-20,Bear,317.0,311.2,309.6,317.45,314.1,341.68999999999994,330.9199999999999,95.07849999999999,335.3623873011161,29.4108340716365,[]
17-Jul-20,Bull,312.0,313.0,310.6,318.9,312.5,339.8949999999999,331.532,96.64349999999999,333.23263612958124,36.24003651068255,"['Doji', 'HARAMI']"
20-Jul-20,Bull,316.0,317.3,310.35,318.7,316.65,338.2799999999999,332.17699999999996,98.22999999999998,331.71524221247824,35.87797666698687,['Doji']
21-Jul-20,Bear,320.9,314.7,313.6,325.35,317.79999999999995,336.23249999999996,332.67699999999996,99.80349999999999,330.094742954147,36.10225014768272,['ENGULFING']
22-Jul-20,Bear,316.2,312.0,309.1,318.65,314.1,334.2399999999999,333.087,101.36349999999999,328.3714341013711,28.868400264043544,[]
23-Jul-20,Bull,313.4,313.9,311.6,315.95,313.65,332.7349999999999,333.17800000000005,102.93299999999999,326.9932022821929,28.14525738147553,"['Doji', 'HARAMI']"
24-Jul-20,Bear,313.9,309.4,305.35,313.95,311.65,331.0449999999999,333.19800000000004,104.48,325.3176592076983,28.456641393487914,['ENGULFING']
27-Jul-20,Bull,309.0,309.05,298.0,310.7,309.025,329.36499999999995,333.194,106.02525,323.7683583307746,28.690661912190762,['Doji']
28-Jul-20,Bull,309.9,318.6,308.05,320.0,314.25,328.09999999999997,333.7,107.61824999999999,323.2761337278437,35.96752519596865,[]
29-Jul-20,Bear,317.05,315.15,312.05,323.0,316.1,326.66749999999996,333.619,109.194,322.5022162299539,28.460671624971823,['Doji']
30-Jul-20,Bear,317.85,312.5,310.1,321.75,315.175,324.9525,333.39399999999995,110.7565,321.5496242080535,28.60540711963847,[]
31-Jul-20,Bull,315.0,315.2,312.75,318.15,315.1,322.6925,333.355,112.3325,320.9448980930008,35.883617014019165,"['Doji', 'HARAMI']"
03-Aug-20,Bull,311.0,311.35,308.65,319.55,311.175,320.2875,333.37,113.88924999999999,320.03109827461975,35.95761649766436,['Doji']
04-Aug-20,Bull,313.0,314.95,311.35,317.75,313.975,318.7375,333.357,115.464,319.5471841532274,43.13629423694825,[]
05-Aug-20,Bull,316.4,327.1,313.4,328.8,321.75,318.06250000000006,333.36600000000004,117.09949999999999,320.2664999481581,50.40756550565369,[]
06-Aug-20,Bear,330.1,323.8,321.4,330.9,326.95000000000005,317.095,333.2060000000001,118.71849999999999,320.6030237626193,43.19479048697622,[]
07-Aug-20,Bull,323.9,326.65,321.55,328.35,325.275,316.68,333.26300000000003,120.35175,321.1789262614174,43.31483720772543,[]
10-Aug-20,Bull,329.0,331.3,325.7,333.95,330.15,316.63500000000005,333.302,122.00824999999999,322.1428380460443,50.613044506243035,[]
11-Aug-20,Bull,333.5,335.0,330.7,336.75,334.25,317.365,333.20300000000003,123.68324999999999,323.3673296607068,57.8568308336787,['Doji']
12-Aug-20,Bull,336.0,341.2,331.75,347.75,338.6,318.6675,333.236,125.38924999999999,325.06567921682995,58.11299749512942,[]
13-Aug-20,Bull,343.55,347.65,341.75,348.95,345.6,320.48999999999995,333.405,127.1275,327.2165669104652,65.29749420465835,[]
14-Aug-20,Bear,353.75,348.1,343.65,353.75,350.925,322.245,333.54400000000004,128.868,329.2054652999447,72.35884471002835,[]
17-Aug-20,Bull,350.85,357.45,346.8,358.0,354.15,324.25249999999994,333.827,130.65525,331.89542098566426,72.59191735034943,[]
18-Aug-20,Bull,356.9,357.45,354.5,359.5,357.17499999999995,326.39,334.055,132.4425,334.329190415601,77.92183586696953,['Doji']
19-Aug-20,Bear,360.0,356.65,355.5,366.2,358.325,328.62249999999995,334.25700000000006,134.22575,336.45498180459134,77.1284936813947,['ENGULFING']
20-Aug-20,Bear,354.95,353.6,347.95,357.1,354.275,330.60749999999996,334.556,135.99375,338.0878406803445,69.24659413001737,['Doji']
21-Aug-20,Bear,357.9,354.35,353.0,359.35,356.125,332.855,334.73699999999997,137.7655,339.63661775840694,76.59355335234731,[]
24-Aug-20,Bear,358.4,349.0,347.6,363.3,353.7,334.8525000000001,334.92199999999997,139.51049999999998,340.52836844808246,68.93314015521636,[]
25-Aug-20,Bear,351.9,346.1,341.0,352.0,349.0,336.2275000000001,335.02799999999996,141.24099999999999,341.05900002445554,61.32390932373039,[]
26-Aug-20,Bull,346.35,354.25,346.35,366.9,350.3,338.1825,335.287,143.01225,342.31528573641214,68.77901939439718,[]
27-Aug-20,Bear,356.0,350.55,349.55,357.45,353.275,340.08500000000004,335.422,144.765,343.09954423770625,61.197295147175815,[]
28-Aug-20,Bull,355.0,360.05,348.5,363.0,357.525,342.3275,335.645,146.56525,344.7138733579247,61.44226440782178,[]
31-Aug-20,Bear,365.0,355.75,352.0,378.35,360.375,344.5475,335.76800000000003,148.34399999999997,345.7649330381223,53.84068900692942,[]
01-Sep-20,Bear,357.0,348.8,341.4,365.35,352.9,346.24000000000007,335.631,150.08799999999997,346.0539870344916,46.305348842284445,[]
02-Sep-20,Bull,352.95,359.9,344.1,363.5,356.42499999999995,347.88,335.79200000000003,151.8875,347.3726549359686,46.44850964729952,[]
03-Sep-20,Bull,363.5,366.0,359.55,368.0,364.75,349.99,336.23199999999997,153.71749999999997,349.1466877992097,46.65633231796551,[]
04-Sep-20,Bear,363.4,353.0,351.1,363.4,358.2,351.3075,336.42799999999994,155.4825,349.51366991357065,38.944227430555564,[]
07-Sep-20,Bear,355.0,352.05,347.2,357.95,353.525,352.34499999999997,336.616,157.24274999999997,349.75522515989724,36.180078829850515,[]
08-Sep-20,Bear,352.7,345.6,343.55,355.95,349.15,352.875,336.6499999999999,158.97074999999998,349.35948943038323,36.26086077995555,[]
09-Sep-20,Bear,344.4,343.85,335.35,346.3,344.125,353.00750000000005,336.6509999999999,160.68999999999997,348.8347761512991,36.33243913549629,['Doji']
10-Sep-20,Bear,346.0,341.6,336.6,348.95,343.8,352.70500000000004,336.54699999999997,162.39799999999997,348.1457498511753,29.233735917994508,[]
11-Sep-20,Bull,341.0,342.5,333.45,343.9,341.75,352.42500000000007,336.189,164.11049999999994,347.6080593891586,36.23373983739837,['Doji']
14-Sep-20,Bull,345.0,351.65,343.45,353.6,348.325,352.13500000000005,336.033,165.86874999999998,347.99300611400065,43.33221670676371,[]
15-Sep-20,Bear,355.1,352.65,351.0,356.8,353.875,351.89500000000004,336.16700000000003,167.63199999999998,348.43652934123867,43.313802942759374,[]
16-Sep-20,Bull,352.25,353.55,348.95,356.1,352.9,351.74000000000007,336.426,169.39974999999998,348.923526546835,50.463268350602306,['Doji']
17-Sep-20,Bear,352.0,346.1,345.0,355.5,349.05,351.36500000000007,336.4849999999999,171.13025,348.6546192566602,43.278037858742124,[]
18-Sep-20,Bull,348.7,357.85,347.1,359.8,353.275,351.5400000000001,336.943,172.91949999999997,349.530369803645,50.540172122642474,[]
21-Sep-20,Bear,358.0,347.85,343.95,359.0,352.925,351.4825000000001,337.2559999999999,174.65874999999997,349.37033458425026,50.54994251294731,['ENGULFING']
22-Sep-20,Bear,347.85,332.3,327.15,348.35,340.07500000000005,350.7925,337.4939999999999,176.32025,347.7445884333693,43.47034206137254,[]
23-Sep-20,Bear,332.55,324.6,320.15,335.35,328.57500000000005,349.31000000000006,337.68299999999994,177.94324999999998,345.54034191590557,36.28783422597855,[]
24-Sep-20,Bear,321.55,313.75,312.1,322.95,317.65,347.4700000000001,337.7339999999999,179.51199999999997,342.51269030486696,36.58419858923406,[]
25-Sep-20,Bull,319.0,326.15,315.6,329.7,322.575,345.77500000000003,337.99699999999996,181.14274999999998,340.9543388472606,43.60564853556485,[]
28-Sep-20,Bull,327.8,339.55,327.8,343.2,333.675,344.96500000000003,338.4419999999999,182.8405,340.8205922903786,50.7734685114004,[]
29-Sep-20,Bear,343.4,341.0,336.9,346.4,342.2,344.5750000000001,338.96799999999996,184.5455,340.837678738914,57.95099662551613,[]
30-Sep-20,Bull,340.55,341.75,330.0,346.55,341.15,343.6675000000001,339.5629999999999,186.25424999999998,340.92456647806506,65.11186795913021,['Doji']
01-Oct-20,Bull,345.5,353.3,344.5,354.9,349.4,343.0325,340.3509999999999,188.02075000000002,342.1031791944398,65.19066090902439,[]
05-Oct-20,Bear,355.9,350.35,348.45,358.0,353.125,342.90000000000003,341.1699999999999,189.7725,342.88859069973125,57.85284735658632,[]
06-Oct-20,Bull,356.0,362.9,354.85,364.5,359.45,343.4425,342.24699999999996,191.58700000000002,344.79443920451877,57.94301815904822,[]
07-Oct-20,Bear,362.55,360.65,359.0,368.75,361.6,344.195,343.088,193.39025,346.30449261361224,50.48873512432004,['Doji']
08-Oct-20,Bear,359.8,359.75,356.35,362.8,359.775,344.99,343.98,195.18900000000002,347.58501712660154,50.34550839091806,['Doji']
09-Oct-20,Bear,361.0,357.2,355.15,362.45,359.1,345.77,344.874,196.975,348.5007297812109,42.914302342499646,[]
12-Oct-20,Bear,359.1,357.65,355.05,362.85,358.375,346.5275,345.72299999999996,198.76325,349.372088849667,50.24580472525877,['Doji']
13-Oct-20,Bear,357.65,349.9,348.4,358.65,353.775,346.43999999999994,346.494,200.51275,349.4223661020797,50.06303606489615,[]
14-Oct-20,Bear,349.1,348.95,344.7,351.2,349.025,346.25499999999994,347.17400000000004,202.2575,349.3773788542626,49.81235283835611,['Doji']
15-Oct-20,Bear,350.6,342.8,341.25,353.85,346.70000000000005,345.7175,347.48799999999994,203.97150000000002,348.7509618205233,49.516547762628015,[]
16-Oct-20,Bull,344.35,349.95,341.95,354.75,347.15,345.90999999999997,348.01099999999997,205.72125,348.8651559328544,49.760969953414566,[]
19-Oct-20,Bear,352.6,347.55,344.8,352.6,350.07500000000005,345.3949999999999,348.4289999999999,207.459,348.7399029868683,42.783882039929324,[]
20-Oct-20,Bull,346.7,348.95,345.65,352.3,347.825,345.45,348.782,209.20375,348.75991222621417,42.876116512729,[]
21-Oct-20,Bull,350.25,355.35,349.55,360.15,352.8,346.60249999999996,349.18899999999996,210.9805,349.38753963324143,43.03321368990445,[]
22-Oct-20,Bull,350.55,358.35,350.15,364.05,354.45000000000005,348.29,349.532,212.77224999999999,350.2411072872184,43.091327798315255,[]
23-Oct-20,Bull,360.0,364.35,357.65,369.0,362.175,350.82000000000005,349.86599999999993,214.59399999999997,351.5848113551024,50.30920774328707,[]
26-Oct-20,Bear,366.0,363.7,360.35,373.9,364.85,352.69750000000005,350.17799999999994,216.41249999999997,352.7386388450926,42.992084751565926,['Doji']
27-Oct-20,Bull,360.2,364.4,351.0,366.2,362.29999999999995,353.94,350.31699999999995,218.23449999999997,353.8492446693695,50.2933274298882,[]
28-Oct-20,Bear,363.0,353.65,352.0,370.0,358.325,354.57250000000005,350.24100000000004,220.00275,353.8302689865724,50.35514583648179,['ENGULFING']
29-Oct-20,Bear,350.55,342.7,341.15,350.55,346.625,354.62,349.9620000000001,221.71624999999997,352.77024336880356,50.50270297579953,[]
30-Oct-20,Bull,345.2,359.85,343.2,362.7,352.525,354.94750000000005,350.08700000000005,223.51549999999995,353.44450590510803,50.52469977476795,[]
02-Nov-20,Bear,360.0,356.9,351.2,362.7,358.45,355.275,350.1380000000001,225.29999999999995,353.77360058081206,50.45335807723729,[]
03-Nov-20,Bear,362.0,353.65,347.2,362.65,357.825,354.81249999999994,350.23100000000005,227.06824999999998,353.76182909692517,50.405570166157815,[]
04-Nov-20,Bear,367.65,361.1,349.6,369.5,364.375,354.8349999999999,350.53100000000006,228.87374999999997,354.46070251626566,57.47071047796885,[]
05-Nov-20,Bull,366.05,368.65,364.3,374.65,367.35,355.2799999999999,350.8190000000001,230.71699999999998,355.8120641813832,57.62979706550114,[]
06-Nov-20,Bull,368.65,371.1,365.8,375.9,369.875,355.97499999999997,351.2300000000001,232.57249999999996,357.2680580688706,64.74804388078125,['Doji']
09-Nov-20,Bear,375.0,367.05,366.0,376.0,371.025,356.445,351.37,234.40774999999996,358.199671586121,57.59304078717664,['ENGULFING']
10-Nov-20,Bear,370.7,366.75,364.15,374.5,368.725,357.2875,351.59,236.24149999999997,359.013988577919,50.429515854479234,[]
11-Nov-20,Bull,366.75,371.6,365.25,372.45,369.175,358.41999999999996,352.04600000000005,238.09949999999998,360.2126563324029,50.55918032948702,[]
12-Nov-20,Bear,373.0,368.05,366.1,375.6,370.525,359.6825,352.209,239.93974999999998,360.95907001503116,43.33468135683497,['DARK CLOUD']
13-Nov-20,Bear,367.5,365.5,362.7,370.4,366.5,360.46000000000004,352.199,241.76725,361.39153953740913,43.3192991451306,[]
14-Nov-20,Bear,369.0,366.1,363.0,369.0,367.55,361.38750000000005,352.461,243.59775,361.8399643433702,43.338294579756145,[]
17-Nov-20,Bull,368.5,379.65,366.25,386.75,374.075,362.9225,353.01300000000003,245.49599999999998,363.53615821543013,50.56338442528905,[]
18-Nov-20,Bull,382.0,391.1,382.0,395.2,386.55,364.7100000000001,353.923,247.45149999999998,366.16128600443676,57.68644174818586,[]
19-Nov-20,Bear,390.0,381.9,379.6,392.7,385.95,365.88750000000005,354.684,249.361,367.66021114687135,50.47880675552804,['ENGULFING']
20-Nov-20,Bear,381.0,375.85,373.0,382.65,378.425,366.46250000000003,355.369,251.24024999999997,368.44019103764555,50.294426615009485,[]
23-Nov-20,Bear,375.85,375.15,370.3,379.35,375.5,367.035,356.02200000000005,253.11599999999999,369.0792204626317,50.08685970957184,['Doji']
24-Nov-20,Bull,378.0,392.25,376.0,402.0,385.125,368.4275,356.834,255.07725,371.28596137095246,50.38353655046082,[]
25-Nov-20,Bull,396.3,398.95,384.4,404.7,397.625,370.6925,357.76,257.07199999999995,373.92063171657605,50.66875355719977,['Doji']
26-Nov-20,Bull,400.8,410.15,395.65,413.0,405.475,374.06499999999994,358.89200000000005,259.12275,377.3710477435688,51.031534542989235,[]
27-Nov-20,Bull,411.0,411.55,408.2,416.0,411.275,376.65,360.2010000000001,261.1805,380.6261860537051,58.293414012382,['Doji']
01-Dec-20,Bull,415.0,423.8,412.0,426.0,419.4,379.995,361.52,263.2995,384.73797785811416,65.51020031044423,[]
02-Dec-20,Bull,424.9,438.2,420.35,442.0,431.54999999999995,384.22249999999997,363.32700000000006,265.4905,389.82959901448424,65.92950239129641,[]
03-Dec-20,Bear,442.0,435.8,433.05,444.5,438.9,387.9575,365.397,267.6695,394.2077324416762,65.12409956815333,[]
04-Dec-20,Bull,439.7,453.7,439.0,458.3,446.7,392.21,367.97900000000004,269.938,399.8736626853261,72.15729080695402,[]
07-Dec-20,Bull,461.0,471.5,459.0,474.9,466.25,397.22999999999996,371.134,272.2955,406.695218620057,72.66858900087986,[]
08-Dec-20,Bear,472.7,463.35,457.55,474.7,468.025,402.04499999999996,373.87799999999993,274.61224999999996,412.0909120848135,65.10453784398746,[]
09-Dec-20,Bear,467.65,463.9,458.15,469.9,465.775,406.90250000000003,376.36499999999995,276.93174999999997,417.02511093387886,65.5354008191925,[]
10-Dec-20,Bull,463.9,471.0,457.0,474.1,467.45,411.87250000000006,378.965,279.28675,422.1655765592237,72.42926242450064,[]
11-Dec-20,Bear,471.75,466.3,462.7,475.0,469.025,416.78499999999997,381.4559999999999,281.61825,426.3688549821548,71.35097768121668,[]
14-Dec-20,Bear,468.6,467.0,463.1,472.45,467.8,421.86,383.7299999999999,283.95325,430.2384878409972,77.86037989768867,['Doji']
15-Dec-20,Bull,469.5,475.75,461.45,479.65,472.625,427.34250000000003,386.23799999999994,286.332,434.57291757042606,78.156120269719,[]
16-Dec-20,Bear,480.0,475.55,473.15,480.45,477.775,432.1375,388.49099999999993,288.70975000000004,438.47549684943306,70.9050106281262,[]
17-Dec-20,Bear,478.0,467.75,465.55,478.8,472.875,435.96999999999997,390.633,291.04850000000005,441.26354476853464,63.841883119425546,[]
18-Dec-20,Bear,467.75,463.3,458.5,472.95,465.525,440.03999999999996,392.70399999999995,293.365,443.36225479057896,56.93501530239711,[]
21-Dec-20,Bear,459.0,444.25,427.2,467.0,451.625,443.4599999999999,394.44499999999994,295.58625000000006,443.44680195338094,50.19164208227834,[]
22-Dec-20,Bull,444.25,468.65,435.0,470.5,456.45,448.13499999999993,396.665,297.9295,445.8471065292494,50.42541385369462,[]
23-Dec-20,Bull,467.15,470.75,462.5,476.7,468.95,452.06000000000006,399.082,300.28325000000007,448.2188106693209,57.372273964202215,[]
24-Dec-20,Bull,474.9,478.55,466.0,482.9,476.725,456.03999999999996,401.6739999999999,302.67600000000004,451.10749536748074,57.53405828089683,['Doji']
28-Dec-20,Bull,480.0,483.55,480.0,492.95,481.775,459.70999999999987,404.4889999999999,305.09375000000006,454.1972577134349,57.61206771702759,[]
29-Dec-20,Bear,485.0,483.4,478.2,489.85,484.2,463.30249999999995,407.158,307.5107500000001,456.9784712645364,57.43650926334028,['Doji']
30-Dec-20,Bull,484.0,485.4,478.15,487.6,484.7,466.3825,409.9150000000001,309.9377500000001,459.6852835250567,57.57513785372357,"['Doji', 'HARAMI']"
31-Dec-20,Bear,485.4,483.75,480.25,490.8,484.575,468.66,412.61100000000005,312.3565000000001,461.9771612845751,50.34283597547608,"['Doji', 'ENGULFING']"
01-Jan-21,Bull,485.0,503.85,482.55,508.0,494.425,472.0625,415.5810000000001,314.8757500000001,465.96505068604415,57.633616477486285,[]
04-Jan-21,Bear,507.0,498.9,495.2,510.9,502.95,474.32250000000005,418.392,317.3702500000001,469.10171252546854,50.3710686177694,[]
05-Jan-21,Bull,498.9,499.45,492.0,504.5,499.17499999999995,475.71999999999997,421.094,319.86750000000006,471.99202561828105,50.546435866469864,"['Doji', 'HARAMI']"
06-Jan-21,Bear,501.8,496.8,489.5,504.95,499.3,477.39250000000004,423.756,322.3515000000001,474.3546898451114,50.3867961684514,['ENGULFING']
07-Jan-21,Bull,500.1,513.85,499.5,520.9,506.975,479.89,426.74499999999995,324.92075000000006,478.1161479551008,57.62903261519384,[]
08-Jan-21,Bear,520.0,517.0,514.5,527.35,518.5,482.18999999999994,430.01199999999994,327.5057500000001,481.81937195937695,64.74740595915438,['Doji']
11-Jan-21,Bear,520.45,508.35,504.0,522.5,514.4000000000001,484.2925,433.32499999999993,330.04750000000007,484.3460984394363,64.1452355906997,[]
12-Jan-21,Bull,507.0,511.25,502.55,520.65,509.125,486.505,436.3529999999999,332.60375000000005,486.9083747785376,64.36548735733288,['Doji']
13-Jan-21,Bull,515.9,536.65,514.6,540.0,526.275,489.55,439.948,335.28700000000003,491.6456724186769,64.70092490090346,[]
14-Jan-21,Bear,537.95,536.95,530.1,542.45,537.45,492.62000000000006,443.6139999999999,337.97175000000004,495.96037028356477,64.99295240928441,['Doji']
15-Jan-21,Bear,536.8,527.95,524.0,541.0,532.375,495.6300000000001,446.9509999999999,340.61150000000004,499.00700168513004,57.77956092376348,[]
18-Jan-21,Bear,531.0,515.5,503.8,532.3,523.25,498.2400000000001,449.888,343.189,500.5777634294033,57.51963731404989,[]
19-Jan-21,Bull,516.0,532.8,516.0,535.0,524.4,502.6675,453.1219999999999,345.853,503.6465478646982,57.79995962717787,[]
20-Jan-21,Bull,529.0,558.6,529.0,562.5,543.8,507.1650000000001,456.95299999999986,348.6460000000001,508.8802099728222,64.90031551826286,[]
21-Jan-21,Bear,561.85,547.65,542.65,561.85,554.75,511.00999999999993,460.57099999999986,351.38425,512.5725709277915,57.61055644575921,[]
22-Jan-21,Bear,549.5,535.8,531.7,557.5,542.65,513.8725,463.8549999999999,354.06325000000004,514.7847070299066,57.32087864170278,[]
25-Jan-21,Bear,543.0,523.65,522.0,547.45,533.325,515.8774999999998,466.96699999999987,356.6815,515.629020646106,50.34905199109035,[]
27-Jan-21,Bear,528.25,518.85,512.5,536.0,523.55,517.6499999999999,470.03399999999993,359.27575,515.9357805845721,50.19871764490816,[]
28-Jan-21,Bull,515.7,519.1,507.05,527.95,517.4000000000001,519.3349999999999,473.09399999999994,361.8712500000001,516.2371348146129,50.23409696756472,['Doji']
29-Jan-21,Bear,527.55,509.7,507.1,533.1,518.625,520.6324999999999,475.69499999999994,364.4197500000001,515.6145505465545,43.281004496938834,['ENGULFING']
01-Feb-21,Bull,514.3,542.75,500.1,545.45,528.525,522.5775000000001,478.72799999999995,367.1335000000001,518.1988790659302,50.397724208596244,[]
02-Feb-21,Bull,548.7,550.8,540.0,554.85,549.75,525.1725,482.10599999999994,369.88750000000005,521.3037477263177,50.660810674891884,['Doji']
03-Feb-21,Bull,549.55,560.1,542.0,562.3,554.825,528.205,485.79099999999994,372.6880000000001,524.9986288952398,50.81548621694608,[]
04-Feb-21,Bull,557.9,568.4,554.05,573.4,563.15,531.7850000000001,489.6559999999999,375.5300000000001,529.1320928099789,51.02141340451166,[]
05-Feb-21,Bear,571.0,566.95,561.65,573.95,568.975,534.4399999999999,493.1499999999999,376.9767500000001,532.7337982566476,50.757881771768,[]
08-Feb-21,Bull,572.15,582.05,571.1,594.0,577.0999999999999,537.6925,496.8119999999999,378.53375000000005,537.430579375062,57.955679252218665,[]
09-Feb-21,Bear,589.65,581.95,573.2,589.8,585.8,541.3725000000001,500.24799999999993,380.0877500000001,541.6705241964847,50.63426532835053,[]
10-Feb-21,Bear,584.75,576.85,550.5,587.0,580.8,544.6525000000001,503.5539999999999,381.60725000000014,545.0209504634862,43.24493142128413,['Doji']
11-Feb-21,Bull,576.85,591.85,576.3,593.7,584.35,547.4125000000001,506.9149999999999,383.1282500000001,549.4808599431542,50.65534106200187,[]
12-Feb-21,Bull,592.3,616.6,586.1,621.65,604.45,551.3950000000001,510.48299999999995,384.7607500000002,555.8731589961872,58.02665949600491,[]
15-Feb-21,Bull,617.95,627.75,610.8,639.9,622.85,556.3850000000001,514.3219999999999,386.5677500000002,562.7185724251217,65.19579968914667,[]
16-Feb-21,Bull,629.8,636.55,628.05,643.5,633.175,562.4375000000001,517.9789999999999,388.43500000000023,569.7501369560624,72.16612296735313,[]
17-Feb-21,Bear,658.0,655.75,646.9,670.0,656.875,568.5849999999999,521.6639999999999,390.36300000000017,577.9406001031041,72.63177869871022,['Doji']
18-Feb-21,Bull,660.8,664.05,649.05,670.0,662.425,573.8574999999998,525.6779999999999,392.27125000000024,586.1414953313799,79.26379409785639,['Doji']
19-Feb-21,Bear,664.95,653.5,628.65,676.65,659.225,579.1499999999999,529.4699999999998,394.11350000000016,592.5565910141056,71.7869360796381,"['Doji', 'ENGULFING']"
22-Feb-21,Bull,658.8,673.8,649.0,678.5,666.3,586.05,533.5259999999998,396.03400000000016,600.2940585365717,72.19251649398386,[]
23-Feb-21,Bear,680.0,662.0,659.25,682.7,671.0,592.9675,537.4399999999998,397.8865000000002,606.170814866422,64.87373022793815,[]
24-Feb-21,Bear,666.7,665.2,653.4,671.0,665.95,600.2850000000001,541.404,399.6657500000002,611.7926420220009,65.26211185799872,['Doji']
25-Feb-21,Bull,669.4,704.3,667.15,711.35,686.8499999999999,609.545,545.9749999999999,401.64525000000015,620.6028665913342,72.17449000247407,[]
26-Feb-21,Bear,697.1,675.9,668.0,703.45,686.5,617.855,549.982,403.4785000000001,625.8692602493024,64.9434401099482,[]
01-Mar-21,Bull,684.6,692.9,673.3,704.65,688.75,625.3625,554.485,405.4765000000001,632.2531402255594,71.76816532922942,[]
02-Mar-21,Bull,697.6,720.5,696.0,724.7,709.05,633.8475,559.629,407.4830000000001,640.6576030612204,78.44956794164912,[]
03-Mar-21,Bear,732.0,729.85,723.4,754.95,730.925,642.3349999999999,565.3409999999999,409.51350000000014,649.1521170553898,78.76666684437527,['Doji']
04-Mar-21,Bull,733.25,752.45,715.85,765.7,742.85,651.5375,571.0169999999999,411.69000000000017,658.9900106691622,79.06984076935204,[]
05-Mar-21,Bear,752.45,748.95,730.5,761.0,750.7,660.6375,576.5809999999999,413.8817500000001,667.5576287006705,71.56044708739375,['Doji']
08-Mar-21,Bear,762.7,748.4,744.2,767.8,755.55,668.955,581.978,416.04575000000006,675.2569021577496,64.20895507076136,[]
09-Mar-21,Bear,755.55,750.75,738.65,759.4,753.15,677.3950000000001,587.322,418.16625000000005,682.4467209998686,64.55440917241975,['Doji']
10-Mar-21,Bear,757.5,745.35,743.0,759.1,751.425,685.82,592.561,420.2340000000001,688.4375094760716,57.33409916514256,[]
12-Mar-21,Bear,749.0,728.15,723.0,752.1,738.575,692.635,597.416,422.25575000000003,692.2196514307313,56.90603590538581,[]
15-Mar-21,Bear,727.8,719.05,706.05,727.8,723.425,697.7574999999999,602.1220000000001,424.2042500000001,694.7749227230427,49.94100808960796,[]
16-Mar-21,Bear,731.4,717.35,714.25,735.7,724.375,702.2375,606.392,426.09125000000006,696.9249300827529,49.667297085878936,[]
17-Mar-21,Bear,715.0,688.25,683.8,716.95,701.625,704.8225,610.1790000000001,427.83475000000004,696.0987462653478,42.98246913946148,[]
18-Mar-21,Bear,695.0,679.65,675.4,705.5,687.325,706.0174999999999,613.7830000000001,429.53700000000003,694.5321990019813,36.11240406041099,[]
19-Mar-21,Bull,677.4,686.25,657.1,691.5,681.825,707.1274999999999,617.5720000000001,431.26250000000005,693.7434181446498,42.86470416557429,[]
22-Mar-21,Bull,686.0,721.9,681.0,726.25,703.95,710.5474999999999,621.7330000000001,433.1555,696.4249973689689,43.02815963538969,[]
23-Mar-21,Bull,730.25,738.55,727.1,755.0,734.4,713.7849999999999,626.1640000000001,435.1180000000001,700.436902381448,43.1294252035963,[]
24-Mar-21,Bear,741.0,706.85,697.65,750.5,723.925,716.0274999999999,630.1340000000001,436.91950000000014,701.0476735832149,36.02384547814329,['ENGULFING']
25-Mar-21,Bear,711.0,688.25,683.15,712.35,699.625,717.18,633.6740000000001,438.6675000000001,699.8288475276706,28.779661690356278,[]
26-Mar-21,Bull,698.0,703.05,692.6,710.7,700.525,717.1175,637.0020000000001,440.4562500000001,700.1356239536067,35.92667983795327,[]
30-Mar-21,Bull,703.05,710.55,697.3,718.0,706.8,718.8499999999999,640.474,442.31025000000017,701.1274692913585,43.17980358475353,[]
31-Mar-21,Bear,705.0,702.4,698.6,719.9,703.7,719.3249999999999,643.9630000000001,444.1182500000001,701.2486626921814,35.83376947542172,"['Doji', 'ENGULFING']"
01-Apr-21,Bull,713.5,736.25,705.0,742.0,724.875,720.1125,648.378,446.0930000000001,704.5821233881641,43.2836347151564,[]
05-Apr-21,Bull,731.75,742.25,715.0,745.0,737.0,720.7324999999998,652.567,448.0852500000001,708.1695402083388,50.68909321368932,[]
06-Apr-21,Bull,756.0,835.55,743.0,852.7,795.775,724.8874999999998,658.1059999999999,450.5185000000001,720.3010125694494,58.40997901979696,[]
07-Apr-21,Bear,857.0,814.75,795.0,885.0,835.875,728.1774999999999,663.4479999999999,452.8442500000001,729.2961542295019,57.849721798217544,[]
08-Apr-21,Bull,818.0,823.0,806.0,838.0,820.5,731.9074999999998,669.192,455.18100000000004,738.2203300171684,65.0907500546687,"['Doji', 'HARAMI']"
09-Apr-21,Bear,824.75,823.6,817.05,837.0,824.175,735.55,675.1909999999999,457.5397500000001,746.3517271583904,72.08670398343749,['Doji']
12-Apr-21,Bear,809.9,744.65,735.0,809.9,777.275,735.515,679.707,459.543,746.1896579052104,65.14449654962064,[]
13-Apr-21,Bear,750.0,731.05,701.35,755.75,740.525,735.66,683.946,461.4822500000001,744.7477857237618,58.21298478680094,[]
15-Apr-21,Bull,735.9,750.35,725.0,754.5,743.125,737.2249999999999,688.7589999999999,463.52075000000013,745.2813299405464,58.25988937032404,[]
16-Apr-21,Bull,750.9,755.5,743.0,794.85,753.2,739.1324999999999,693.0139999999999,465.57875000000007,746.2545366128753,65.1450592735674,['Doji']
19-Apr-21,Bull,715.0,720.95,707.45,730.9,717.975,740.7675,696.4169999999998,467.46450000000004,743.8445807449824,64.94397719442321,[]
20-Apr-21,Bear,744.7,720.45,710.0,745.9,732.575,742.8075,699.6239999999998,469.33275000000003,741.6165254359365,58.212000414652316,[]
22-Apr-21,Bull,689.5,737.8,689.5,744.9,713.65,745.385,703.0119999999998,471.21975000000003,741.2530468229902,58.31903783880322,[]
23-Apr-21,Bear,736.45,725.35,720.1,746.9,730.9000000000001,745.5575000000001,706.1799999999998,473.0492500000001,739.7384709350863,58.193499976551145,[]
26-Apr-21,Bear,733.0,730.75,728.9,739.65,731.875,745.1675,709.154,474.9732500000001,738.8824260841257,58.17192192192193,['Doji']
27-Apr-21,Bull,735.0,749.15,727.35,757.5,742.075,747.2825,712.498,477.0160000000001,739.8602902665898,58.19898901799698,[]
28-Apr-21,Bear,755.0,746.25,741.1,760.0,750.625,750.1825000000001,715.8860000000001,479.0315,740.4688340507241,50.78828402814557,[]
29-Apr-21,Bear,753.2,746.75,743.4,765.85,749.975,752.3675000000001,718.9839999999999,481.0905000000001,741.0670403316075,58.22513706975328,[]
30-Apr-21,Bear,739.0,730.05,724.5,759.45,734.525,753.3425,721.253,483.0797500000001,740.017798395264,50.841044306684665,[]
03-May-21,Bull,727.65,761.4,713.75,764.0,744.525,756.2925,723.9259999999999,485.28475000000003,742.054198548096,50.54562845093691,[]
04-May-21,Bear,779.85,768.75,760.05,782.0,774.3,757.9174999999999,726.57,487.55275000000006,744.5966558292297,57.83817129417661,[]
05-May-21,Bear,772.0,738.1,732.7,774.8,755.05,757.7099999999999,728.217,489.68725000000006,743.9779267026364,57.798894197426215,[]
06-May-21,Bear,745.0,740.8,735.6,753.7,742.9,752.9725,729.752,491.82625000000013,743.6752670166711,57.760037793878745,['Doji']
07-May-21,Bull,747.7,767.75,745.25,778.0,757.725,750.6225,732.0369999999999,494.07850000000013,745.9680987293691,57.80986681817744,[]
10-May-21,Bear,774.4,765.45,762.45,779.5,769.925,747.745,733.8699999999999,496.33225000000016,747.8235178980005,57.56319039582694,[]
11-May-21,Bull,751.0,762.65,750.35,789.7,756.825,744.6975,735.8829999999999,498.5855000000001,749.2355638124767,57.33120045840895,[]
12-May-21,Bear,763.0,751.6,747.7,772.8,757.3,745.045,737.6109999999999,500.77400000000017,749.4607482112884,50.21888829543721,['DARK CLOUD']
14-May-21,Bear,757.9,733.55,727.5,758.65,745.7249999999999,745.17,738.1959999999999,502.89475000000016,747.9454388578324,50.179643571905075,[]
17-May-21,Bull,740.0,754.2,737.0,760.0,747.1,745.3625,739.7619999999998,505.12050000000016,748.5411113475626,50.29073499137066,[]
18-May-21,Bull,765.0,775.9,757.1,780.0,770.45,746.3824999999999,741.422,507.4070000000001,751.1467197906518,50.41685636239471,[]
19-May-21,Bear,784.0,772.4,769.3,791.9,778.2,748.955,742.4599999999998,509.6932500000001,753.1708417153517,50.29211824757435,[]
20-May-21,Bear,776.5,765.7,761.05,779.5,771.1,751.2175000000001,743.177,511.9592500000001,754.3640948853182,43.149514086302794,[]
21-May-21,Bear,772.0,769.2,766.65,775.25,770.6,752.7875000000001,743.5119999999998,514.22925,755.7770382295736,50.22841791775073,[]
24-May-21,Bear,769.7,766.55,746.6,779.9,768.125,754.8475000000001,743.8639999999999,516.50525,756.8030345886618,43.04309388108271,['Doji']
25-May-21,Bear,773.0,764.0,759.0,776.7,768.5,756.51,744.1759999999999,518.7505,757.4884598659321,35.82897763893921,[]
26-May-21,Bear,767.85,758.3,757.0,769.9,763.075,756.9675,744.327,520.9065,757.56574940251,35.76100788407267,[]
27-May-21,Bear,758.3,751.4,749.45,765.0,754.8499999999999,757.2249999999999,744.448,523.0445000000001,756.9785351736996,28.775220126376226,[]
28-May-21,Bull,755.0,776.15,754.0,784.9,765.575,758.6949999999999,745.4080000000001,525.2919999999999,758.8043889666807,28.83130762488223,[]
31-May-21,Bear,779.95,769.55,761.7,779.95,774.75,760.6699999999998,746.4180000000001,527.48325,759.8277804936635,28.82023024697432,[]
01-Jun-21,Bull,773.1,798.2,764.3,801.8,785.6500000000001,762.51,748.0350000000003,529.79925,763.482277589505,36.179681881438725,[]
02-Jun-21,Bull,802.95,811.5,802.95,824.0,807.225,764.6474999999999,750.5000000000003,532.15075,768.0553940095522,43.515594523805106,[]
03-Jun-21,Bull,818.85,825.3,810.7,849.0,822.075,769.0074999999998,753.4130000000001,534.539,773.5072612467377,50.74850230467796,['Doji']
04-Jun-21,Bull,830.8,833.85,823.0,841.95,832.325,773.6599999999999,756.3650000000001,536.96775,779.2541887470484,51.10714938745657,['Doji']
07-Jun-21,Bull,837.4,878.6,835.65,898.8,858.0,779.2024999999999,759.4990000000001,539.5735000000001,788.7156945806628,51.5619480648872,[]
08-Jun-21,Bear,883.4,874.2,859.15,887.8,878.8,784.64,762.212,542.1572500000001,796.8570570015521,51.09086829706081,[]
09-Jun-21,Bear,879.25,852.6,831.3,901.0,865.925,789.1375,765.127,544.6370000000001,802.1659087156901,50.69549575222185,[]
10-Jun-21,Bear,858.55,846.75,843.3,863.95,852.65,793.8950000000001,768.297,547.1027500000001,806.4120126475291,43.54489937604747,[]
11-Jun-21,Bear,852.0,839.75,820.7,856.4,845.875,799.205,771.031,549.52975,809.5870590620501,43.264807581622385,[]
14-Jun-21,Bull,755.8,768.45,681.1,783.7,762.125,799.9175000000001,772.189,551.627,805.6692439132835,43.24789628094093,['Doji']
15-Jun-21,Bear,802.9,761.85,755.0,802.9,782.375,799.2150000000001,773.3779999999999,553.7057500000001,801.4959825882088,43.23441472056479,[]
16-Jun-21,Bear,755.0,706.7,697.8,755.0,730.85,795.9300000000001,772.7869999999998,555.4680000000001,792.4677937702842,43.40478425875725,[]
17-Jun-21,Bear,683.0,646.9,638.35,704.65,664.95,789.9900000000001,770.8799999999999,556.94975,778.6041943635904,36.98391325284014,[]
18-Jun-21,Bull,643.2,694.35,638.1,704.6,668.7750000000001,786.2475000000002,768.0559999999999,558.62125,770.5799853765818,43.467097585061495,[]
21-Jun-21,Bull,692.0,731.05,685.1,744.65,711.525,784.4725000000001,766.382,560.4977500000001,766.8152248645264,43.124229464813915,[]
22-Jun-21,Bull,740.0,742.9,738.0,761.65,741.45,783.4175,764.78,562.46825,764.5375844012382,42.76963624383705,['Doji']
23-Jun-21,Bear,749.0,718.7,715.5,757.0,733.85,781.4375000000002,762.682,564.2622500000001,760.1721001725488,35.6141566444733,['ENGULFING']
24-Jun-21,Bear,724.0,709.9,701.7,725.0,716.95,779.3625000000001,761.987,565.98175,755.3842811084965,28.283531519489074,[]
25-Jun-21,Bear,715.0,712.2,706.5,719.0,713.6,776.1650000000001,761.61,567.77775,751.2714924314968,27.1583869964078,['Doji']
28-Jun-21,Bear,719.0,716.25,713.0,729.95,717.625,773.5000000000001,760.9279999999999,569.59875,747.9361121999256,34.42409567060828,['Doji']
29-Jun-21,Bear,717.5,711.0,709.0,723.0,714.25,769.1400000000001,760.038,571.42575,744.418387228504,34.89703349746526,[]
30-Jun-21,Bear,717.6,703.7,702.1,717.6,710.6500000000001,763.7500000000001,759.6929999999999,573.225,740.5404455876942,35.38819524385805,[]
01-Jul-21,Bear,706.0,703.1,700.0,711.85,704.55,757.6400000000001,759.3459999999998,575.0325,736.9746888650567,35.87047037762851,['Doji']
02-Jul-21,Bull,705.0,710.4,705.0,724.3,707.7,751.4675,758.7979999999999,576.872,734.4437661160036,43.20543685424816,[]
05-Jul-21,Bear,717.0,710.05,703.0,721.0,713.525,743.0400000000001,758.492,578.664,732.1205502954319,43.43110958738353,[]
06-Jul-21,Bull,712.0,712.7,707.1,731.95,712.35,734.965,758.1309999999999,580.46425,730.2709740768194,50.587008223153816,"['Doji', 'HARAMI']"
07-Jul-21,Bull,716.9,720.1,706.0,723.0,718.5,728.34,757.5499999999998,582.297,729.302309879027,57.4201712616542,['Doji']
08-Jul-21,Bear,724.0,711.7,709.1,728.0,717.85,721.5875000000001,756.8589999999998,584.125,727.6258994143578,50.386718262389216,['ENGULFING']
09-Jul-21,Bull,712.5,728.5,708.35,737.0,720.5,716.0250000000001,756.4939999999998,585.97825,727.7091470891809,50.37408102924724,[]
12-Jul-21,Bear,734.4,718.05,715.05,735.65,726.2249999999999,713.505,756.2539999999999,587.82925,726.7892283187826,43.06027727848513,['DARK CLOUD']
13-Jul-21,Bear,720.0,704.0,702.0,720.9,712.0,710.6125,755.1059999999999,589.68775,724.6188256217557,43.1237558478286,[]
14-Jul-21,Bear,709.4,697.25,695.35,711.5,703.325,710.1400000000001,753.6759999999999,591.551,722.0122708006362,43.178531981122596,[]
15-Jul-21,Bear,699.7,699.1,695.5,706.4,699.4000000000001,712.7500000000001,752.896,593.4777500000001,719.8301497720041,43.10369096813762,['Doji']
16-Jul-21,Bear,699.7,687.6,685.25,702.9,693.6500000000001,712.4125000000001,751.832,595.2850000000002,716.7606116984799,36.00594922987723,[]
19-Jul-21,Bear,686.0,673.7,661.4,693.0,679.85,709.5450000000001,749.9509999999999,596.9557500000001,712.6596010605294,36.14188330912606,[]
20-Jul-21,Bull,661.0,672.6,660.0,680.85,666.8,706.0300000000001,748.0939999999999,598.6137500000001,708.8444009595266,36.256009584875386,[]
22-Jul-21,Bull,678.0,691.8,666.7,695.0,684.9,704.6850000000001,746.677,600.364,707.2211246776669,43.32989413014419,[]
23-Jul-21,Bear,700.0,680.05,677.2,700.0,690.025,703.1925,745.2460000000001,601.9977500000001,704.6333985178891,36.22032792234276,[]
26-Jul-21,Bull,680.0,682.8,674.45,690.95,681.4,701.7225,744.2310000000001,603.6600000000002,702.5540272304711,43.302879871573985,['Doji']
27-Jul-21,Bear,682.8,663.2,660.35,686.3,673.0,699.0699999999999,742.4110000000001,605.1615,698.806024637093,36.198736954611554,['ENGULFING']
28-Jul-21,Bear,668.4,665.4,654.2,676.75,666.9,696.79,740.2010000000002,606.6852500000001,695.6244984811794,35.8380487300726,['Doji']
29-Jul-21,Bear,671.0,659.65,657.95,671.0,665.325,694.5875,737.9460000000003,608.18475,692.1983557686862,36.03187963049554,[]
30-Jul-21,Bull,661.25,674.5,659.5,687.8,667.875,693.1575,736.1220000000001,609.7712500000001,690.5127980764303,35.67091967355299,[]
02-Aug-21,Bull,682.0,692.0,678.0,695.0,687.0,692.2375,734.578,611.443,690.6544363548655,43.01918029265533,[]
03-Aug-21,Bull,698.0,705.05,695.25,714.95,701.525,691.9875,733.3480000000001,613.2187500000001,692.025442416307,50.401269814661546,[]
04-Aug-21,Bear,718.0,694.7,692.0,718.0,706.35,691.0875,731.962,614.9475000000001,692.2801621861826,50.41473881672369,['ENGULFING']
05-Aug-21,Bear,695.0,693.55,684.0,700.5,694.275,689.76,730.6669999999999,616.7012500000001,692.4010991208319,43.11337373906843,['Doji']
06-Aug-21,Bull,692.95,710.7,691.45,719.9,701.825,689.71,729.8530000000001,618.5050000000001,694.1438515855145,50.44352856261179,[]
09-Aug-21,Bear,714.0,699.9,694.1,717.0,706.95,688.28,728.328,620.26675,694.6920561964179,50.30565726744489,[]
10-Aug-21,Bear,701.7,693.0,683.25,706.75,697.35,687.0274999999999,726.797,621.9870000000001,694.5309079872352,50.198827852555084,[]
11-Aug-21,Bull,693.4,699.15,684.55,705.0,696.275,686.7849999999999,724.816,623.706,694.9708215122604,50.23690273725379,[]
12-Aug-21,Bull,701.0,704.05,700.0,710.4,702.525,687.1249999999999,722.6670000000001,625.4345,695.8355051777594,57.417005182798704,[]
13-Aug-21,Bear,704.45,704.15,699.05,709.5,704.3,687.3774999999998,720.2440000000001,627.1335,696.6273618274967,57.51112951651309,['Doji']
16-Aug-21,Bull,704.0,706.9,702.0,716.45,705.45,688.3424999999999,717.7050000000002,628.8494999999999,697.6057083201159,64.53770599936101,['Doji']
17-Aug-21,Bear,705.8,692.65,686.05,714.9,699.2249999999999,689.2899999999998,713.9860000000002,630.4907499999999,697.1337360991525,57.51828118335654,['ENGULFING']
18-Aug-21,Bull,696.45,705.4,688.7,708.3,700.925,690.9299999999998,710.6100000000001,632.2494999999998,697.9209993278047,64.46494880162034,[]
20-Aug-21,Bear,690.0,687.2,680.8,706.4,688.6,690.6999999999999,707.3020000000001,633.9719999999999,696.8999517727756,57.490498957950216,['Doji']
23-Aug-21,Bear,691.8,668.3,665.0,691.8,680.05,690.1125,703.7330000000002,635.5142499999998,694.1761468420351,50.54328345980931,[]
24-Aug-21,Bull,673.0,695.4,668.5,702.0,684.2,690.7424999999998,700.8460000000002,637.2067499999998,694.2927042856508,50.49435933183325,[]
25-Aug-21,Bull,698.5,720.75,695.4,725.0,709.625,693.6199999999999,699.8920000000003,639.0422499999999,696.8124467346364,57.72868082322029,[]
26-Aug-21,Bear,725.0,721.7,717.7,733.0,723.35,696.435,699.0890000000003,640.8452499999999,699.1826899027662,64.92035578662995,['Doji']
27-Aug-21,Bull,724.0,727.0,722.25,731.95,725.5,699.8025,699.4950000000001,642.6369999999998,701.8319575310743,64.9785508190381,[]
30-Aug-21,Bear,730.6,730.0,727.1,735.4,730.3,702.5775,701.1570000000003,644.4314999999998,704.5146282424006,72.18701962833501,['Doji']
31-Aug-21,Bull,732.3,748.3,728.1,754.0,740.3,705.3924999999999,702.2360000000003,646.3377499999998,708.6846636478863,79.33447348639636,[]
01-Sep-21,Bear,750.05,744.75,737.6,751.85,747.4,707.3774999999998,702.5100000000003,648.2277499999998,712.1194575861829,71.94911892171486,[]
02-Sep-21,Bull,745.0,753.85,744.0,760.65,749.425,710.3349999999999,702.7290000000004,650.1389999999999,716.0937949589274,72.08872366047561,[]
03-Sep-21,Bear,755.95,754.9,745.3,762.0,755.425,713.4024999999999,703.4530000000003,652.0732499999998,719.789624010458,72.22956916009585,['Doji']
06-Sep-21,Bear,758.4,751.2,747.25,765.0,754.8,715.4275,704.2790000000002,654.0017499999998,722.7810883904144,64.91476429009842,[]
07-Sep-21,Bear,753.9,745.5,741.65,755.15,749.7,717.7075,704.9450000000002,655.8987499999997,724.944794257994,64.57690129748627,[]
08-Sep-21,Bear,748.8,746.85,738.25,753.0,747.825,720.4,705.557,657.7347499999997,727.0310043286613,64.72091175691713,['Doji']
09-Sep-21,Bull,745.1,749.7,742.0,751.0,747.4000000000001,722.9275,706.331,659.5277499999997,729.1899562973603,71.63488721218147,[]
13-Sep-21,Bear,748.0,745.1,740.5,752.65,746.55,724.9800000000001,707.1590000000001,661.3437499999999,730.7051985547545,71.1025641025641,"['Doji', 'ENGULFING']"
14-Sep-21,Bull,747.8,755.4,745.45,762.75,751.5999999999999,727.5425,708.2050000000002,663.2414999999997,733.0570844066826,71.26936026936026,[]
15-Sep-21,Bull,758.55,765.95,753.6,769.8,762.25,730.4950000000001,709.316,665.1954999999999,736.1897430346175,71.39374724622134,[]
16-Sep-21,Bull,769.0,769.65,760.0,772.75,769.325,734.3450000000001,710.5080000000002,667.0824999999999,739.3764341741777,71.52453006488275,['Doji']
17-Sep-21,Bear,773.3,767.1,760.0,786.0,770.2,737.4300000000001,711.596,668.9232499999999,742.0167737766369,64.34687626148695,"['Doji', 'ENGULFING']"
20-Sep-21,Bear,759.8,748.9,746.1,776.0,754.3499999999999,740.5150000000001,712.1720000000001,670.6169999999998,742.6723191312428,57.31026865077296,[]
21-Sep-21,Bear,754.0,749.6,734.05,758.8,751.8,744.5800000000002,712.9300000000002,672.3072499999997,743.3320982616007,57.31552976977661,['Doji']
22-Sep-21,Bear,750.0,745.3,742.0,759.6,747.65,747.075,713.2660000000002,673.9147499999998,743.5195174747817,57.312541473125414,[]
23-Sep-21,Bull,754.4,754.5,750.55,760.0,754.45,748.7625,713.9950000000001,675.4962499999998,744.5652777152786,57.315171593370394,['Doji']
24-Sep-21,Bear,756.0,744.8,743.0,764.9,750.4,749.9174999999999,714.8110000000001,677.0412499999998,744.5876322185853,50.20755155580646,['ENGULFING']
27-Sep-21,Bull,749.7,750.25,736.4,753.8,749.975,751.08,715.8710000000002,678.5239999999997,745.1269053406248,57.33114455430513,"['Doji', 'HARAMI']"
28-Sep-21,Bear,754.0,738.7,733.0,756.9,746.35,751.515,716.663,679.8599999999999,744.5148191177082,57.36816118802105,['ENGULFING']
29-Sep-21,Bull,737.65,742.0,736.0,747.85,739.825,751.2,717.7510000000001,681.2532499999996,744.2753125350692,57.34851975168496,[]
30-Sep-21,Bear,745.8,737.9,736.0,756.5,741.8499999999999,750.8574999999998,719.035,682.6232499999996,743.6681399126817,50.28316286500906,[]
01-Oct-21,Bear,735.85,734.95,722.0,738.25,735.4000000000001,749.9125,720.2819999999998,683.9429999999998,742.8378408733786,50.331746787244164,['Doji']
04-Oct-21,Bull,738.85,744.2,736.05,747.5,741.5250000000001,749.3774999999999,721.3299999999998,685.3324999999999,742.9675703140092,50.278736015552035,[]
05-Oct-21,Bear,744.15,743.95,742.0,753.8,744.05,749.0150000000001,722.6079999999997,686.7172499999999,743.0611350460083,43.069959319314734,['Doji']
06-Oct-21,Bear,747.7,724.0,721.85,749.0,735.85,747.94,723.4319999999997,687.9585000000001,741.2457888511503,35.876617927039234,[]
07-Oct-21,Bull,730.0,736.15,726.55,738.8,733.075,747.4050000000001,724.891,689.2615000000001,740.7604756272312,43.065068493150676,[]
08-Oct-21,Bull,739.7,739.9,733.5,747.0,739.8,746.9150000000001,726.3810000000001,690.62225,740.678525567495,50.22626177042614,['Doji']
11-Oct-21,Bear,743.9,737.45,736.5,746.0,740.675,746.5325000000001,727.937,691.9930000000002,740.3710469420192,43.05936447192755,['ENGULFING']
12-Oct-21,Bear,737.65,736.9,728.85,740.95,737.275,745.6075000000001,729.185,693.4562500000002,740.0404710427792,43.094258440136414,['Doji']
13-Oct-21,Bull,740.6,759.0,739.1,764.6,749.8,745.2600000000001,730.5250000000001,694.908,741.8461404672764,43.118951992015546,[]
14-Oct-21,Bull,766.1,812.8,764.25,817.7,789.45,747.4175,732.68,696.61825,748.6036508989644,50.62487126550203,[]
18-Oct-21,Bear,820.9,810.55,807.0,829.9,815.7249999999999,749.5899999999999,734.9970000000001,698.27825,754.5033031943011,43.187803913911104,[]
19-Oct-21,Bear,815.0,792.25,785.0,820.0,803.625,751.7574999999998,736.9710000000002,699.8217499999998,758.0982266996058,42.96863153904473,[]
20-Oct-21,Bull,792.0,794.9,777.5,802.9,793.45,754.0224999999998,738.6550000000003,701.3792499999998,761.6031574901195,43.253118841290345,['Doji']
21-Oct-21,Bear,799.0,779.35,775.3,802.9,789.175,755.7249999999999,740.2440000000003,702.8489999999998,763.2933329672511,43.08471917605564,['ENGULFING']
22-Oct-21,Bear,780.3,761.8,753.9,787.3,771.05,756.0899999999999,741.6200000000003,704.2392499999997,763.1511107798939,42.976333245886885,[]
25-Oct-21,Bear,765.0,752.05,738.55,765.55,758.525,756.4524999999998,742.6780000000003,705.4802499999996,762.0938621341897,35.977268152475645,[]
26-Oct-21,Bear,752.0,749.9,740.05,758.55,750.95,756.4349999999997,743.5950000000003,706.7352499999996,760.9325419309337,35.957237765509504,['Doji']
27-Oct-21,Bear,753.65,745.85,743.65,756.55,749.75,756.7924999999998,744.4290000000002,707.9672499999996,759.4961093660828,35.883871750934986,[]
28-Oct-21,Bear,724.35,688.1,681.15,734.5,706.225,754.0974999999999,744.0530000000003,708.9237499999997,752.6964799026463,29.140402221221677,[]
29-Oct-21,Bear,697.0,693.0,687.0,709.6,695.0,751.8525,744.0600000000003,709.8194999999997,747.011100864299,28.827292512648498,['Doji']
01-Nov-21,Bear,705.0,704.4,690.0,707.0,704.7,750.325,744.0400000000003,710.7564999999996,742.9529007819848,35.57464664937126,['Doji']
02-Nov-21,Bear,707.0,702.35,700.65,715.0,704.675,748.2325,744.3430000000002,711.7264999999996,739.0859578503672,35.691190275262414,[]
03-Nov-21,Bull,702.0,709.2,702.0,719.8,705.6,746.495,745.1610000000001,712.7162499999997,736.2396761503323,35.386081074643926,[]
04-Nov-21,Bull,713.0,713.7,713.0,716.45,713.35,745.98,745.5269999999999,713.6014999999996,734.0930403264912,34.77023101929328,['Doji']
08-Nov-21,Bull,717.0,730.45,709.1,735.1,723.725,745.6950000000002,745.7209999999999,714.5689999999998,733.7460841049206,42.12003140356488,[]
09-Nov-21,Bull,731.0,737.35,727.8,744.5,734.175,745.5675000000002,746.0339999999998,715.6159999999998,734.0893141901663,49.530324290614274,[]
10-Nov-21,Bull,736.4,737.9,730.1,745.05,737.15,745.5900000000001,746.252,716.7279999999997,734.4522366482456,49.24843710192643,['Doji']
11-Nov-21,Bull,734.95,735.1,728.5,741.55,735.0250000000001,745.5000000000002,746.3539999999999,717.7394999999998,734.5139283960317,49.46290528139039,['Doji']
12-Nov-21,Bull,737.7,750.3,734.25,755.5,744.0,745.065,746.3939999999999,718.6979999999998,736.0173637868859,56.9113220652929,[]
15-Nov-21,Bear,753.9,749.8,740.55,756.5,751.8499999999999,741.9150000000001,746.495,719.7087499999997,737.3299958071824,56.9239411080671,[]
16-Nov-21,Bear,752.7,746.45,743.45,761.7,749.575,738.7100000000002,746.3470000000001,720.7619999999997,738.1985676350698,56.943301179520795,[]
17-Nov-21,Bear,744.4,735.55,733.0,745.0,739.9749999999999,735.875,745.9600000000002,721.8214999999997,737.9463230983965,57.001179239464555,[]
18-Nov-21,Bear,739.45,726.05,716.15,741.3,732.75,732.4324999999999,745.4570000000001,722.8574999999996,736.8133399461683,56.78850918242951,[]
22-Nov-21,Bear,725.0,715.0,704.0,733.4,720.0,729.2149999999999,744.8470000000002,723.8369999999996,734.7358789989141,49.86756396170146,[]
23-Nov-21,Bull,714.0,729.25,705.2,733.6,721.625,727.5874999999999,744.4950000000001,724.9347499999997,734.2134143323509,49.98947981347465,[]
24-Nov-21,Bull,735.65,763.05,732.0,772.35,749.3499999999999,728.1374999999998,744.7620000000002,726.0362499999997,736.959755824508,57.11756322264001,[]
25-Nov-21,Bear,764.8,762.45,755.5,774.3,763.625,728.7649999999999,745.109,727.0944999999997,739.3873981269359,49.9593511672022,['Doji']
26-Nov-21,Bear,750.0,717.15,713.25,766.0,733.575,727.3299999999999,744.344,727.8797499999996,737.2695506862752,43.03758278225788,[]
29-Nov-21,Bear,707.0,702.6,682.65,715.0,704.8,728.055,743.077,728.5507499999997,733.9676887161538,36.06761738455569,['Doji']
30-Nov-21,Bear,704.0,683.85,679.7,712.65,693.925,727.5975,741.3609999999999,729.1352499999997,729.1945755050915,29.065288409966357,[]
01-Dec-21,Bull,695.0,707.95,682.75,711.05,701.475,727.7750000000001,740.1779999999998,729.7647499999999,727.1712825998446,28.857504731259553,[]
02-Dec-21,Bull,710.0,739.1,702.3,742.3,724.55,729.6125000000002,739.9819999999996,730.5504999999998,728.307350923669,36.07207277668878,[]
03-Dec-21,Bear,739.0,737.45,734.0,746.5,738.225,731.0250000000002,739.7389999999997,731.3534999999999,729.1780794071291,28.772869211116216,['Doji']
06-Dec-21,Bear,739.0,723.45,721.5,744.5,731.225,731.5125000000002,739.3019999999997,732.0115,728.6325480350215,28.8472768135357,[]
07-Dec-21,Bull,729.0,744.7,725.8,749.95,736.85,732.2250000000001,739.1059999999997,732.6519999999999,730.1627815554956,36.16209902234089,[]
08-Dec-21,Bull,751.2,761.4,748.2,764.4,756.3,733.4275000000002,739.4379999999996,733.3202499999998,733.1377547406865,43.52544928501143,[]
09-Dec-21,Bull,766.7,769.75,760.0,775.8,768.225,735.0200000000002,739.8279999999997,733.9862499999998,736.6246352415736,50.84453283806905,['Doji']
10-Dec-21,Bear,768.85,767.7,763.0,794.95,768.2750000000001,736.6500000000002,740.4079999999998,734.5459999999999,739.5841937899952,50.58463508198471,['Doji']
13-Dec-21,Bear,775.0,758.45,750.1,778.8,766.725,737.0575000000002,740.7369999999996,735.0179999999999,741.3809372385671,43.388415763537274,[]
14-Dec-21,Bull,755.9,763.7,750.5,766.0,759.8,737.7525000000003,741.2529999999997,735.569,743.5065622634654,43.39197462208769,[]
15-Dec-21,Bear,763.7,745.5,742.95,766.65,754.6,737.7050000000002,741.4639999999998,735.9275,743.6964134764687,43.463224431474174,['ENGULFING']
16-Dec-21,Bear,752.0,745.15,739.35,756.45,748.575,738.1850000000002,741.4829999999997,736.34325,743.8348502882336,43.34565128130812,[]
17-Dec-21,Bear,744.5,723.95,721.2,744.5,734.225,738.0800000000002,741.0829999999999,736.6370000000002,741.9410550226876,43.25642830285092,[]
20-Dec-21,Bear,717.0,701.7,685.5,717.0,709.35,737.4150000000002,740.6369999999998,736.6240000000001,738.1085735919554,43.18211348466547,[]
21-Dec-21,Bull,710.0,725.6,701.7,728.0,717.8,737.2325000000002,740.4259999999999,736.8725000000003,736.917280868912,43.27846957992237,[]
22-Dec-21,Bear,727.0,722.85,717.25,729.9,724.925,735.2225000000001,740.0849999999998,737.0222500000003,735.5775398337776,36.233501903025115,[]
23-Dec-21,Bear,732.8,731.3,728.85,747.5,732.05,733.6650000000001,739.962,737.0762500000003,735.1701550877035,43.29671070369371,['Doji']
24-Dec-21,Bear,732.5,722.4,713.4,734.9,727.45,733.9275,739.6720000000001,737.0390000000002,733.9539498412555,43.301088678418544,[]
27-Dec-21,Bull,717.0,723.2,713.0,726.4,720.1,734.9575000000001,738.956,736.8927500000002,732.9297641420883,43.183452109257765,[]
28-Dec-21,Bull,727.1,729.25,725.2,738.9,728.175,737.2275,737.2850000000002,736.7942500000004,732.5793104142704,43.006630850394465,['Doji']
29-Dec-21,Bear,729.0,722.75,720.1,734.2,725.875,737.9675000000001,735.5290000000002,736.6660000000002,731.6431856129113,35.717897602956185,['ENGULFING']
30-Dec-21,Bull,722.9,724.25,716.45,726.0,723.575,737.2250000000001,734.1690000000001,736.5335000000002,730.939072697396,42.94217313392024,"['Doji', 'HARAMI']"
31-Dec-21,Bull,725.0,730.3,725.0,735.0,727.65,736.8675,732.877,736.4582500000001,730.8782086309774,50.21200755980767,[]
03-Jan-22,Bull,732.0,736.6,730.5,738.65,734.3,737.5249999999999,732.0219999999999,736.5005,731.4231411423129,50.07953028041788,[]
04-Jan-22,Bear,743.0,739.25,732.65,747.0,741.125,737.2524999999999,731.571,736.6015000000001,732.1685562716165,57.37310324162086,[]
05-Jan-22,Bull,739.0,754.9,734.05,758.8,746.95,736.9275,731.6280000000002,736.78925,734.3334556743196,64.7276778265265,[]
06-Jan-22,Bear,748.9,739.8,730.1,748.9,744.3499999999999,735.4300000000001,731.4260000000002,737.0469999999998,734.8540789434319,64.62713699818212,[]
07-Jan-22,Bear,744.7,736.1,730.5,747.7,740.4000000000001,733.8499999999999,731.2310000000002,737.3292499999999,734.9727380916764,64.40999946281457,[]
10-Jan-22,Bull,737.1,738.85,734.1,743.0,737.975,732.87,732.2460000000002,737.5922499999999,735.3420011305644,64.45599797108801,"['Doji', 'HARAMI']"
11-Jan-22,Bull,738.65,765.1,728.5,768.9,751.875,732.9399999999999,733.6880000000002,737.8082499999998,738.1760962609869,71.62389924276646,[]
12-Jan-22,Bear,769.5,763.55,754.0,774.9,766.525,733.8425,734.8710000000002,737.9332499999997,740.5926585218454,64.31829406466983,[]
13-Jan-22,Bull,763.0,772.2,760.0,776.0,767.6,735.1949999999999,736.2680000000001,738.2599999999998,743.6028815197649,71.45170150634632,[]
14-Jan-22,Bull,769.0,780.1,763.65,795.0,774.55,738.0025,737.686,738.7192499999998,747.0787975655015,71.60739959743123,[]
17-Jan-22,Bear,783.5,779.05,773.9,789.4,781.275,741.8700000000001,738.9930000000002,739.0992499999998,750.1236739878348,64.31058495821728,[]
18-Jan-22,Bear,780.0,762.95,760.0,790.0,771.475,743.7375000000001,739.643,739.3612499999997,751.3452288461363,64.06490544521525,[]
19-Jan-22,Bear,761.75,744.2,736.0,761.75,752.975,744.8050000000001,739.7799999999999,739.5702499999996,750.66473086079,57.07415856093409,[]
20-Jan-22,Bear,744.0,738.0,735.0,751.7,741.0,745.1400000000001,739.7819999999998,739.5789999999996,749.4585660169053,50.11065668939829,[]
21-Jan-22,Bear,732.0,723.9,714.45,733.65,727.95,745.215,739.558,739.4872499999997,747.0244168724381,43.18107411783127,[]
24-Jan-22,Bear,723.9,702.45,689.0,725.25,713.175,744.1775000000001,738.6009999999999,738.8217499999998,742.7792343131583,36.29269175280804,[]
25-Jan-22,Bull,696.0,711.1,690.0,712.85,703.55,743.2700000000002,737.8269999999998,738.3034999999999,739.7621643785718,36.02585741129445,[]
27-Jan-22,Bull,699.8,709.1,691.0,712.3,704.45,742.5875000000002,737.0799999999998,737.7339999999999,736.8419582472792,36.13193115717896,[]
28-Jan-22,Bear,713.0,710.15,707.5,732.8,711.575,741.8825000000002,736.5719999999998,737.1667499999999,734.2998669856336,43.04998702010441,['Doji']
31-Jan-22,Bear,719.7,716.3,714.55,723.9,718.0,741.1825000000001,736.377,737.0249999999999,732.5855939393828,42.926244080110614,[]
01-Feb-22,Bull,721.0,738.75,720.65,744.3,729.875,741.2900000000001,736.852,737.0634999999999,733.1726802308701,42.78096562916595,[]
02-Feb-22,Bull,723.9,745.2,721.5,746.85,734.55,741.5875,737.171,737.0377500000001,734.3181392565015,50.06846696892132,[]
03-Feb-22,Bear,744.05,732.5,729.4,745.0,738.275,740.4675,736.56,736.9227500000001,734.1449831368348,42.759927140255,[]
04-Feb-22,Bear,735.0,726.95,724.0,741.15,730.975,739.825,735.8499999999999,736.95275,733.4597466476124,35.36413881999101,[]
07-Feb-22,Bear,728.8,715.15,713.35,729.9,721.9749999999999,738.7774999999999,735.8099999999998,736.9262500000001,731.7159612526017,35.58619198757947,[]
08-Feb-22,Bear,719.0,717.8,703.0,723.0,718.4,737.7249999999999,736.1139999999998,736.82625,730.3906316094967,42.82957691567431,['Doji']
09-Feb-22,Bull,722.0,733.45,719.05,735.4,727.725,736.1425,737.1059999999998,736.8667500000001,730.6820000276399,50.122025926804206,[]
10-Feb-22,Bear,736.9,731.05,728.05,741.55,733.9749999999999,734.5175,737.568,736.8682500000001,730.7170476440551,50.15646860493285,[]
11-Feb-22,Bear,727.9,723.7,719.45,733.9,725.8,732.0925,737.26,736.7410000000001,730.0487573922403,50.15746046185106,[]
14-Feb-22,Bear,714.8,695.75,691.0,714.8,705.275,727.8750000000001,736.4259999999999,736.4885000000002,726.7822090691698,50.19071035277706,[]
15-Feb-22,Bull,699.7,720.6,690.0,722.45,710.1500000000001,724.9525000000001,736.3689999999998,736.3577500000002,726.1934272530584,50.23748449307811,[]
16-Feb-22,Bull,724.9,740.75,722.1,750.85,732.825,723.8425,736.2899999999998,736.4112500000001,727.5797675146719,57.38019924912053,[]
17-Feb-22,Bear,741.1,734.2,731.35,745.0,737.6500000000001,723.3425,735.7459999999999,736.2752500000003,728.2102658466079,50.263218690247406,[]
18-Feb-22,Bear,729.9,727.5,725.5,739.2,728.7,722.8175,734.901,736.0690000000002,728.1426214802643,43.17390642568506,['Doji']
21-Feb-22,Bear,722.7,711.1,709.55,726.75,716.9000000000001,722.1775,733.7689999999999,735.9340000000002,726.5195146726202,36.01721200901956,[]
22-Feb-22,Bull,698.0,705.55,685.0,711.1,701.775,722.3325,732.711,735.7577500000001,724.5224180371325,28.79187034465032,[]
23-Feb-22,Bear,711.0,706.7,705.0,719.4,708.85,722.1125000000001,731.5709999999999,735.4525000000003,722.8250448907389,35.86927975025395,[]
24-Feb-22,Bear,682.0,654.85,651.95,688.0,668.425,719.4000000000001,729.758,734.8995000000002,716.3512310916209,36.12742871687887,[]
25-Feb-22,Bull,674.5,695.15,670.25,703.0,684.825,718.65,728.758,734.5620000000001,714.3320662257522,43.15248320939373,[]
28-Feb-22,Bull,690.0,707.5,684.5,709.65,698.75,718.21,728.4290000000001,734.3415000000001,713.6813932518711,43.09385903873205,[]
02-Mar-22,Bull,702.95,710.3,697.6,717.9,706.625,716.7875,728.6010000000001,734.2252500000001,713.359355799312,42.96165464088231,[]
03-Mar-22,Bear,718.8,706.7,703.0,724.6,712.75,714.8625,728.2230000000001,733.9877500000002,712.7251314374728,43.06689402284628,[]
04-Mar-22,Bull,699.9,700.15,689.05,710.7,700.025,713.245,727.7690000000001,733.6090000000003,711.5274998719992,43.169167473378515,['Doji']
07-Mar-22,Bear,690.0,677.8,663.55,691.7,683.9,710.7875,726.6990000000001,733.1360000000001,708.315357027047,43.247447935871335,[]
08-Mar-22,Bull,679.65,688.85,670.6,692.0,684.25,709.4725000000001,726.0280000000001,732.75175,706.4615135006615,43.06483161212514,[]
09-Mar-22,Bull,697.0,714.1,692.7,718.0,705.55,709.2874999999999,725.846,732.47625,707.1889884053603,42.91063924922132,[]
10-Mar-22,Bull,727.9,730.4,720.6,737.65,729.15,709.135,725.8690000000001,732.2955000000001,709.3995609381832,50.352508221803156,['Doji']
11-Mar-22,Bear,729.5,729.45,722.3,731.75,729.475,709.0550000000001,726.003,732.1227500000001,711.3091265631181,50.34252840851341,['Doji']
14-Mar-22,Bull,725.95,730.55,724.0,733.5,728.25,709.3975,726.1290000000001,731.984,713.141590699964,57.65389706889293,[]
15-Mar-22,Bear,733.0,721.3,716.25,736.0,727.15,710.675,725.9490000000001,731.8335000000001,713.9185820618723,57.56193157649537,['ENGULFING']
16-Mar-22,Bear,726.0,723.8,721.0,729.5,724.9,710.8349999999998,725.693,731.5717499999998,714.8596694845511,57.635301135387074,[]
17-Mar-22,Bull,730.5,740.1,729.55,743.8,735.3,710.8025,725.7100000000002,731.4245,717.2635104860224,64.56147912771962,[]
21-Mar-22,Bear,741.0,735.15,725.4,750.45,738.075,710.8499999999999,725.3150000000002,731.10925,718.9669856778298,57.36335817654489,['Doji']
22-Mar-22,Bull,735.0,739.15,723.05,743.9,737.075,711.4324999999999,725.3020000000001,730.7475,720.8891775180366,57.497661179561696,['Doji']
23-Mar-22,Bear,747.95,733.75,731.8,751.0,740.85,712.5649999999999,725.255,730.2897499999999,722.1140177544141,50.311033883579505,['ENGULFING']
24-Mar-22,Bull,733.0,733.45,731.0,742.3,733.225,713.9599999999999,725.1469999999998,729.78775,723.1936351111366,50.177757971875614,['Doji']
25-Mar-22,Bull,737.0,743.25,730.05,746.9,740.125,715.7874999999999,724.7099999999998,729.1110000000001,725.1037651005522,57.29358748064805,[]
28-Mar-22,Bear,747.0,737.0,726.55,749.7,742.0,719.895,724.179,728.4249999999998,726.2367398528805,56.96106977245767,['ENGULFING']
29-Mar-22,Bull,741.0,761.95,738.05,766.9,751.475,723.235,723.9739999999999,727.97175,729.6380027240348,57.26731169817198,[]
30-Mar-22,Bear,768.8,767.4,762.1,775.95,768.0999999999999,726.23,723.72,727.575,733.2343834169839,57.487871246380735,['Doji']
31-Mar-22,Bull,767.4,774.2,765.5,781.0,770.8,729.4250000000001,723.6229999999999,727.24725,737.1358707106044,57.66742201436767,[]
01-Apr-22,Bull,774.5,785.75,774.5,790.7,780.125,733.3775000000002,724.079,727.3337500000001,741.765787785785,64.89191314689072,[]
04-Apr-22,Bull,791.0,818.55,783.65,822.15,804.775,739.2975000000001,725.566,727.61725,749.0785699014245,65.18573819758817,[]
05-Apr-22,Bull,840.0,848.05,826.0,860.9,844.025,747.8100000000001,727.7670000000002,728.324,758.5044203870032,72.37855387608008,['Doji']
06-Apr-22,Bear,852.95,849.85,840.0,862.65,851.4000000000001,755.86,730.2860000000002,729.33875,767.2039993977647,72.7019020023032,['Doji']
07-Apr-22,Bear,850.0,817.4,813.6,866.0,833.7,761.0249999999999,732.5850000000003,729.9540000000001,771.984570883692,65.35929330837537,[]
08-Apr-22,Bull,823.0,839.3,817.4,844.8,831.15,766.4699999999999,735.1490000000002,730.4952499999999,778.3955641328641,72.40308519917254,[]
11-Apr-22,Bull,840.0,854.55,839.3,860.0,847.275,772.7249999999998,738.0580000000002,731.0534999999999,785.6483675487818,72.69091549964074,[]
12-Apr-22,Bear,853.9,844.9,835.0,859.0,849.4,778.4424999999999,740.7530000000002,731.6845,791.2913801631836,71.96794802963599,[]
13-Apr-22,Bear,849.9,840.5,836.5,854.9,845.2,784.4024999999999,743.2370000000003,732.3375,795.9779153857376,71.28511475584193,[]
18-Apr-22,Bull,831.35,842.7,821.4,846.75,837.0250000000001,790.3474999999999,745.316,732.99,800.4276377299531,71.53600829372436,[]
19-Apr-22,Bear,849.0,819.3,807.0,850.25,834.15,794.3074999999998,746.7980000000002,733.5052499999999,802.2250055651957,71.02246955793586,['ENGULFING']
20-Apr-22,Bull,825.6,827.65,820.0,835.95,826.625,798.9324999999999,748.701,734.0885,804.6464336066056,71.18758727157613,"['Doji', 'HARAMI']"
21-Apr-22,Bull,833.0,850.5,832.3,858.9,841.75,804.4999999999998,751.172,734.8224999999999,809.013439929786,71.39375882616332,[]
22-Apr-22,Bull,847.45,874.15,840.7,886.0,860.8,811.5199999999999,754.3520000000001,735.6777499999998,815.2169218412349,71.63786001203775,[]
